player;cluster;classification
Ben White;1;Defensor Temerario
Gabriel Magalhães;4;Defensor Regular
Jakub Kiwior;4;Defensor Regular
Jurriën Timber;1;Defensor Temerario
Kieran Tierney;3;Defensor Atacante
Myles Lewis-Skelly;1;Defensor Temerario
Oleksandr Zinchenko;1;Defensor Temerario
Riccardo Calafiori;0;Defensor Equilibrado
William Saliba;4;Defensor Regular
Andrés García;3;Defensor Atacante
Axel Disasi;4;Defensor Regular
Diego Carlos;2;Defensor Caudillo
Ezri Konsa;4;Defensor Regular
Ian Maatsen;1;Defensor Temerario
Kosta Nedeljković;1;Defensor Temerario
Lamare Bogarde;1;Defensor Temerario
Lucas Digne;1;Defensor Temerario
Matty Cash;1;Defensor Temerario
Pau Torres;4;Defensor Regular
Tyrone Mings;4;Defensor Regular
Adam Smith;1;Defensor Temerario
Dean Huijsen;2;Defensor Caudillo
Illia Zabarnyi;2;Defensor Caudillo
James Hill;2;Defensor Caudillo
Julian Araujo;1;Defensor Temerario
Marcos Senesi;4;Defensor Regular
Max Aarons;4;Defensor Regular
Milos Kerkez;0;Defensor Equilibrado
Ben Mee;4;Defensor Regular
Ethan Pinnock;4;Defensor Regular
Keane Lewis-Potter;3;Defensor Atacante
Kristoffer Ajer;3;Defensor Atacante
Mads Roerslev;3;Defensor Atacante
Michael Kayode;1;Defensor Temerario
Nathan Collins;2;Defensor Caudillo
Rico Henry;1;Defensor Temerario
Sepp van den Berg;4;Defensor Regular
Adam Webster;4;Defensor Regular
Ferdi Kadioglu;3;Defensor Atacante
Igor;4;Defensor Regular
Jack Hinshelwood;0;Defensor Equilibrado
Jan Paul van Hecke;4;Defensor Regular
Joël Veltman;1;Defensor Temerario
Lewis Dunk;4;Defensor Regular
Pervis Estupiñán;0;Defensor Equilibrado
Tariq Lamptey;0;Defensor Equilibrado
Axel Disasi;1;Defensor Temerario
Benoît Badiashile;4;Defensor Regular
Joshua Acheampong;2;Defensor Caudillo
Levi Colwill;2;Defensor Caudillo
Malo Gusto;1;Defensor Temerario
Marc Cucurella;1;Defensor Temerario
Reece James;1;Defensor Temerario
Renato Veiga;4;Defensor Regular
Tosin Adarabioyo;4;Defensor Regular
Trevoh Chalobah;4;Defensor Regular
Wesley Fofana;4;Defensor Regular
Ben Chilwell;1;Defensor Temerario
Chadi Riad;2;Defensor Caudillo
Chris Richards;4;Defensor Regular
Daniel Muñoz;0;Defensor Equilibrado
Joachim Andersen;2;Defensor Caudillo
Marc Guéhi;4;Defensor Regular
Maxence Lacroix;2;Defensor Caudillo
Nathaniel Clyne;4;Defensor Regular
Trevoh Chalobah;4;Defensor Regular
Tyrick Mitchell;1;Defensor Temerario
Ashley Young;1;Defensor Temerario
Jake O'Brien;4;Defensor Regular
James Tarkowski;2;Defensor Caudillo
Jarrad Branthwaite;4;Defensor Regular
Michael Keane;4;Defensor Regular
Nathan Patterson;1;Defensor Temerario
Roman Dixon;3;Defensor Atacante
Séamus Coleman;1;Defensor Temerario
Vitaliy Mykolenko;1;Defensor Temerario
Antonee Robinson;3;Defensor Atacante
Calvin Bassey;4;Defensor Regular
Issa Diop;2;Defensor Caudillo
Joachim Andersen;2;Defensor Caudillo
Jorge Cuenca;2;Defensor Caudillo
Kenny Tete;1;Defensor Temerario
Timothy Castagne;1;Defensor Temerario
Axel Tuanzebe;1;Defensor Temerario
Ben Godfrey;0;Defensor Equilibrado
Ben Johnson;0;Defensor Equilibrado
Cameron Burgess;4;Defensor Regular
Conor Townsend;4;Defensor Regular
Dara O'Shea;2;Defensor Caudillo
Harry Clarke;1;Defensor Temerario
Jacob Greaves;4;Defensor Regular
Leif Davis;1;Defensor Temerario
Luke Woolfenden;2;Defensor Caudillo
Caleb Okoli;4;Defensor Regular
Conor Coady;4;Defensor Regular
James Justin;1;Defensor Temerario
Jannik Vestergaard;4;Defensor Regular
Luke Thomas;1;Defensor Temerario
Ricardo Pereira;1;Defensor Temerario
Victor Bernth Kristiansen;1;Defensor Temerario
Wout Faes;4;Defensor Regular
Woyo Coulibaly;0;Defensor Equilibrado
Andrew Robertson;1;Defensor Temerario
Conor Bradley;0;Defensor Equilibrado
Ibrahima Konaté;2;Defensor Caudillo
Jarell Quansah;4;Defensor Regular
Joe Gomez;4;Defensor Regular
Kostas Tsimikas;1;Defensor Temerario
Trent Alexander-Arnold;3;Defensor Atacante
Virgil van Dijk;4;Defensor Regular
Abdukodir Khusanov;4;Defensor Regular
Jahmai Simpson-Pusey;4;Defensor Regular
John Stones;1;Defensor Temerario
Joško Gvardiol;1;Defensor Temerario
Kyle Walker;1;Defensor Temerario
Manuel Akanji;1;Defensor Temerario
Matheus Nunes;0;Defensor Equilibrado
Nathan Aké;1;Defensor Temerario
Nico O’Reilly;0;Defensor Equilibrado
Rico Lewis;0;Defensor Equilibrado
Rúben Dias;4;Defensor Regular
Antony;0;Defensor Equilibrado
Ayden Heaven;2;Defensor Caudillo
Diogo Dalot;1;Defensor Temerario
Harry Amass;0;Defensor Equilibrado
Harry Maguire;4;Defensor Regular
Jonny Evans;1;Defensor Temerario
Leny Yoro;4;Defensor Regular
Lisandro Martínez;4;Defensor Regular
Luke Shaw;3;Defensor Atacante
Matthijs de Ligt;2;Defensor Caudillo
Noussair Mazraoui;1;Defensor Temerario
Patrick Dorgu;0;Defensor Equilibrado
Tyler Fredricson;4;Defensor Regular
Tyrell Malacia;0;Defensor Equilibrado
Victor Lindelöf;4;Defensor Regular
Dan Burn;2;Defensor Caudillo
Emil Krafth;1;Defensor Temerario
Fabian Schär;2;Defensor Caudillo
Kieran Trippier;1;Defensor Temerario
Lewis Hall;1;Defensor Temerario
Lloyd Kelly;4;Defensor Regular
Sven Botman;4;Defensor Regular
Valentino Livramento;0;Defensor Equilibrado
Harry Toffolo;0;Defensor Equilibrado
Morato;1;Defensor Temerario
Murillo;4;Defensor Regular
Neco Williams;0;Defensor Equilibrado
Nikola Milenković;2;Defensor Caudillo
Ola Aina;1;Defensor Temerario
Willy Boly;2;Defensor Caudillo
Álex Moreno;0;Defensor Equilibrado
Armel Bella Kotchap;2;Defensor Caudillo
Charlie Taylor;4;Defensor Regular
Jack Stephens;4;Defensor Regular
James Bree;1;Defensor Temerario
Jan Bednarek;4;Defensor Regular
Kyle Walker-Peters;3;Defensor Atacante
Nathan Wood-Gordon;4;Defensor Regular
Ryan Manning;1;Defensor Temerario
Taylor Harwood-Bellis;4;Defensor Regular
Welington;1;Defensor Temerario
Yukinari Sugawara;3;Defensor Atacante
Archie Gray;4;Defensor Regular
Ben Davies;2;Defensor Caudillo
Cristian Romero;2;Defensor Caudillo
Destiny Udogie;1;Defensor Temerario
Djed Spence;0;Defensor Equilibrado
Kevin Danso;2;Defensor Caudillo
Micky van de Ven;2;Defensor Caudillo
Pedro Porro;3;Defensor Atacante
Radu Drăgușin;2;Defensor Caudillo
Sergio Reguilón;3;Defensor Atacante
Aaron Cresswell;1;Defensor Temerario
Aaron Wan-Bissaka;0;Defensor Equilibrado
Emerson Palmieri;0;Defensor Equilibrado
Jean-Clair Todibo;2;Defensor Caudillo
Konstantinos Mavropanos;2;Defensor Caudillo
Max Kilman;2;Defensor Caudillo
Oliver Scarles;0;Defensor Equilibrado
Vladimír Coufal;1;Defensor Temerario
Craig Dawson;2;Defensor Caudillo
Emmanuel Agbadou;2;Defensor Caudillo
Matt Doherty;4;Defensor Regular
Nélson Semedo;1;Defensor Temerario
Rayan Aït-Nouri;0;Defensor Equilibrado
Rodrigo Gomes;3;Defensor Atacante
Santiago Bueno;2;Defensor Caudillo
Toti Gomes;4;Defensor Regular
Yerson Mosquera;2;Defensor Caudillo
Abdel Abqar;2;Defensor Caudillo
Aleksandar Sedlar;2;Defensor Caudillo
Facundo Garcés;2;Defensor Caudillo
Hugo Novoa;0;Defensor Equilibrado
Manu Sánchez;1;Defensor Temerario
Moussa Diarra;4;Defensor Regular
Nahuel Tenaglia;1;Defensor Temerario
Pica;2;Defensor Caudillo
Santiago Mouriño;4;Defensor Regular
Adama Boiro;1;Defensor Temerario
Aitor Paredes;2;Defensor Caudillo
Andoni Gorosabel;1;Defensor Temerario
Daniel Vivian;2;Defensor Caudillo
Iñigo Lekue;1;Defensor Temerario
Unai Núñez;2;Defensor Caudillo
Yeray Álvarez;2;Defensor Caudillo
Yuri Berchiche;1;Defensor Temerario
Óscar de Marcos;1;Defensor Temerario
Axel Witsel;2;Defensor Caudillo
Clément Lenglet;2;Defensor Caudillo
César Azpilicueta;1;Defensor Temerario
Javi Galán;0;Defensor Equilibrado
José María Giménez;2;Defensor Caudillo
Marcos Llorente;0;Defensor Equilibrado
Nahuel Molina;0;Defensor Equilibrado
Reinildo Mandava;1;Defensor Temerario
Robin Le Normand;4;Defensor Regular
Alejandro Balde;0;Defensor Equilibrado
Andreas Christensen;4;Defensor Regular
Eric García;4;Defensor Regular
Gerard Martín;1;Defensor Temerario
Héctor Fort;0;Defensor Equilibrado
Iñigo Martínez;4;Defensor Regular
Jules Koundé;1;Defensor Temerario
Pau Cubarsí;2;Defensor Caudillo
Ronald Araújo;2;Defensor Caudillo
Sergi Dominguez;2;Defensor Caudillo
Aitor Ruibal;3;Defensor Atacante
Diego Llorente;2;Defensor Caudillo
Héctor Bellerín;1;Defensor Temerario
Marc Bartra;2;Defensor Caudillo
Natan;2;Defensor Caudillo
Nobel Mendy;2;Defensor Caudillo
Ricardo Rodríguez;0;Defensor Equilibrado
Romain Perraud;0;Defensor Equilibrado
Sergio Arribas;0;Defensor Equilibrado
Youssouf Sabaly;0;Defensor Equilibrado
Ángel Ortíz;1;Defensor Temerario
Carl Starfelt;2;Defensor Caudillo
Carlos Dominguez;2;Defensor Caudillo
Jailson Siqueira;4;Defensor Regular
Javi Rodríguez;4;Defensor Regular
Javier Manquillo;4;Defensor Regular
Marcos Alonso;4;Defensor Regular
Mihailo Ristić;4;Defensor Regular
Yoel Lago;2;Defensor Caudillo
Brian Oliván;3;Defensor Atacante
Carlos Romero;1;Defensor Temerario
Fernando Calero;2;Defensor Caudillo
Leandro Cabrera;2;Defensor Caudillo
Marash Kumbulla;2;Defensor Caudillo
Omar El Hilali;4;Defensor Regular
Sergi Gómez;2;Defensor Caudillo
Allan Nyom;1;Defensor Temerario
Diego Rico;1;Defensor Temerario
Djené;1;Defensor Temerario
Domingos Duarte;2;Defensor Caudillo
Iglesias;1;Defensor Temerario
Juan Berrocal;2;Defensor Caudillo
Omar Alderete;2;Defensor Caudillo
Alejandro Francés;4;Defensor Regular
Arnau Martinez;1;Defensor Temerario
Daley Blind;4;Defensor Regular
David López;2;Defensor Caudillo
Juanpe;2;Defensor Caudillo
Ladislav Krejčí;4;Defensor Regular
Miguel Gutiérrez;1;Defensor Temerario
Andy Pelmard;1;Defensor Temerario
Benito Ramírez;0;Defensor Equilibrado
Daley Sinkgraven;0;Defensor Equilibrado
Juan Herzog;2;Defensor Caudillo
Marvin;3;Defensor Atacante
Mika Mármol;3;Defensor Atacante
Scott McKenna;2;Defensor Caudillo
Viti;1;Defensor Temerario
Álex Muñoz;1;Defensor Temerario
Álex Suárez;2;Defensor Caudillo
Adrià Altimira;1;Defensor Temerario
Aritz Arambarri;2;Defensor Caudillo
Enric Franquesa;3;Defensor Atacante
Javi Hernández;1;Defensor Temerario
Jorge Sáenz;2;Defensor Caudillo
Matija Nastasić;2;Defensor Caudillo
Sergi;2;Defensor Caudillo
Valentin Rosier;1;Defensor Temerario
Antonio Raillo;2;Defensor Caudillo
Copete;4;Defensor Regular
Johan Mojica;3;Defensor Atacante
Martin Valjent;4;Defensor Regular
Mateu Morey;1;Defensor Temerario
Pablo Maffeo;3;Defensor Atacante
Siebe Van Der Heyden;3;Defensor Atacante
Toni Lato;1;Defensor Temerario
Abel;1;Defensor Temerario
Catena;2;Defensor Caudillo
Enzo Boyomo;2;Defensor Caudillo
Jesús Areso;3;Defensor Atacante
Jorge Herrando;2;Defensor Caudillo
Juan Cruz Armada;1;Defensor Temerario
Nacho Vidal;0;Defensor Equilibrado
Abdul Mumin;2;Defensor Caudillo
Alfonso Espino;1;Defensor Temerario
Andrei Ratiu;0;Defensor Equilibrado
Aridane Hernández;4;Defensor Regular
Florian Lejeune;2;Defensor Caudillo
Iván Balliu;1;Defensor Temerario
Pelayo Fernandez;1;Defensor Temerario
Pep Chavarría;1;Defensor Temerario
Antonio Rüdiger;4;Defensor Regular
Aurélien Tchouaméni;4;Defensor Regular
Dani Carvajal;1;Defensor Temerario
David Alaba;4;Defensor Regular
Ferland Mendy;0;Defensor Equilibrado
Fran Garcia;0;Defensor Equilibrado
Jacobo Ramón;4;Defensor Regular
Jesús Vallejo;2;Defensor Caudillo
Lucas Vázquez;1;Defensor Temerario
Raúl Asencio;4;Defensor Regular
Éder Militão;2;Defensor Caudillo
Aihen Muñoz;1;Defensor Temerario
Aritz Elustondo;4;Defensor Regular
Hamari Traoré;1;Defensor Temerario
Igor Zubeldia;2;Defensor Caudillo
Javi López;1;Defensor Temerario
Jon Aramburu;1;Defensor Temerario
Jon Martin;2;Defensor Caudillo
Jon Pacheco;4;Defensor Regular
Nayef Aguerd;4;Defensor Regular
Adrià Pedrosa;1;Defensor Temerario
Carmona;1;Defensor Temerario
Gonzalo Montiel;4;Defensor Regular
Kike Salas;4;Defensor Regular
Loïc Bade;2;Defensor Caudillo
Marcão;4;Defensor Regular
Nemanja Gudelj;4;Defensor Regular
Ramón Martínez;2;Defensor Caudillo
Tanguy Nianzou;4;Defensor Regular
Valentín Barco;0;Defensor Equilibrado
Cristhian Mosquera;4;Defensor Regular
César Tárrega;2;Defensor Caudillo
Dimitri Foulquier;1;Defensor Temerario
Jesus Vazquez;0;Defensor Equilibrado
José Luis Gayà;1;Defensor Temerario
Max Aarons;3;Defensor Atacante
Maximiliano Caufriez;2;Defensor Caudillo
Mouctar Diakhaby;4;Defensor Regular
Thierry Correia;1;Defensor Temerario
Yarek Gasiorowski;2;Defensor Caudillo
Adam Aznou;0;Defensor Equilibrado
Antonio Candela;3;Defensor Atacante
Cenk Özkacar;2;Defensor Caudillo
David Torres;2;Defensor Caudillo
Enzo Boyomo;4;Defensor Regular
Eray Cömert;2;Defensor Caudillo
Henrique;3;Defensor Atacante
Javi Sánchez;2;Defensor Caudillo
Joseph Aidoo;2;Defensor Caudillo
Juma Bah;2;Defensor Caudillo
Lucas Oliveira Rosa;1;Defensor Temerario
Luis Pérez;1;Defensor Temerario
Raúl Chasco;1;Defensor Temerario
Alfonso Pedraza;3;Defensor Atacante
Eric Bailly;4;Defensor Regular
Juan Bernat;3;Defensor Atacante
Juan Foyth;4;Defensor Regular
Kiko Femenía;1;Defensor Temerario
Logan Costa;4;Defensor Regular
Pau Navarro;4;Defensor Regular
Raúl Albiol;2;Defensor Caudillo
Sergi Cardona;1;Defensor Temerario
Willy Kambwala;4;Defensor Regular
Abdoulaye Bamba;2;Defensor Caudillo
Carlens Arcus;1;Defensor Temerario
Cédric Hountondji;2;Defensor Caudillo
Emmanuel Biumla;2;Defensor Caudillo
Florent Hanin;0;Defensor Equilibrado
Jacques Ekomie;0;Defensor Equilibrado
Jordan Lefort;4;Defensor Regular
Lilian Raolisoa;3;Defensor Atacante
Ousmane Camara;4;Defensor Regular
Clément Akpa;4;Defensor Regular
Fredrik Oppegard;0;Defensor Equilibrado
Gabriel Osho;2;Defensor Caudillo
Gideon Mensah;1;Defensor Temerario
Jubal;2;Defensor Caudillo
Ki-Jana Hoever;3;Defensor Atacante
Paul Joly;3;Defensor Atacante
Sinaly Diomande;4;Defensor Regular
Abdoulaye Niakhate Ndiaye;2;Defensor Caudillo
Bradley Locko;1;Defensor Temerario
Brendan Chardonnet;2;Defensor Caudillo
Jordan Amavi;1;Defensor Temerario
Julien Le Cardinal;2;Defensor Caudillo
Justin Bourgault;4;Defensor Regular
Kenny Lala;4;Defensor Regular
Luc Zogbé;1;Defensor Temerario
Massadio Haïdara;1;Defensor Temerario
Soumaïla Coulibaly;2;Defensor Caudillo
Arouna Sangante;2;Defensor Caudillo
Christopher Operi;3;Defensor Atacante
Etienne Youte Kinkoue;2;Defensor Caudillo
Fodé Ballo-Touré;1;Defensor Temerario
Gautier Lloris;2;Defensor Caudillo
Loïc Nego;3;Defensor Atacante
Timothee Pembele;1;Defensor Temerario
Yanis Zouaoui;1;Defensor Temerario
Yoann Salmier;2;Defensor Caudillo
Abdukodir Khusanov;4;Defensor Regular
Deiver Machado;0;Defensor Equilibrado
Facundo Medina;1;Defensor Temerario
Jhoanner Chávez;0;Defensor Equilibrado
Jonathan Gradit;4;Defensor Regular
Juma Bah;4;Defensor Regular
Kevin Danso;4;Defensor Regular
Kyllian Antonio;3;Defensor Atacante
Malang Sarr;2;Defensor Caudillo
Przemysław Frankowski;0;Defensor Equilibrado
Ruben Aguilar;0;Defensor Equilibrado
Tom Pouilly;3;Defensor Atacante
Alexsandro Ribeiro;2;Defensor Caudillo
Aïssa Mandi;2;Defensor Caudillo
Bafodé Diakité;2;Defensor Caudillo
Gabriel Gudmundsson;3;Defensor Atacante
Ismaily;1;Defensor Temerario
Thomas Meunier;4;Defensor Regular
Tiago Santos;3;Defensor Atacante
Abner;0;Defensor Equilibrado
Ainsley Maitland-Niles;1;Defensor Temerario
Clinton Mata;4;Defensor Regular
Duje Ćaleta-Car;2;Defensor Caudillo
Moussa Niakhate;4;Defensor Regular
Nicolás Tagliafico;1;Defensor Temerario
Sael Kumbedi;0;Defensor Equilibrado
Amar Dedić;3;Defensor Atacante
Derek Cornelius;4;Defensor Regular
Geoffrey Kondogbia;4;Defensor Regular
Leonardo Balerdi;4;Defensor Regular
Lilian Brassier;4;Defensor Regular
Luis Henrique;3;Defensor Atacante
Luiz Felipe;4;Defensor Regular
Michael Amir Murillo;1;Defensor Temerario
Pol Lirola;1;Defensor Temerario
Quentin Merlin;3;Defensor Atacante
Ulisses Garcia;1;Defensor Temerario
Caio Henrique Oliveira Silva;0;Defensor Equilibrado
Christian Mawissa;4;Defensor Regular
Ismail Jakobs;0;Defensor Equilibrado
Jordan Teze;1;Defensor Temerario
Kassoum Ouattara;1;Defensor Temerario
Krépin Diatta;3;Defensor Atacante
Mohammed Salisu;4;Defensor Regular
Thilo Kehrer;2;Defensor Caudillo
Vanderson;1;Defensor Temerario
Wilfried Singo;2;Defensor Caudillo
Bamo Meïté;4;Defensor Regular
Becir Omeragic;4;Defensor Regular
Boubakar Kouyaté;2;Defensor Caudillo
Enzo Tchato;1;Defensor Temerario
Falaye Sacko;1;Defensor Temerario
Issiaga Sylla;1;Defensor Temerario
Lucas Mincarelli;3;Defensor Atacante
Modibo Sagnan;2;Defensor Caudillo
Nikola Maksimović;2;Defensor Caudillo
Stefan Džodić;4;Defensor Regular
Théo Chennahi;0;Defensor Equilibrado
Théo Sainte-Luce;0;Defensor Equilibrado
Wilfried Ndollo;0;Defensor Equilibrado
Yael Mouanga;4;Defensor Regular
Fabien Centonze;0;Defensor Equilibrado
Jean-Charles Castelletto;4;Defensor Regular
Jean-Kevin Duverne;1;Defensor Temerario
Kelvin Amian;1;Defensor Temerario
Marcus Coco;1;Defensor Temerario
Nathan Zeze;2;Defensor Caudillo
Nicolas Cozza;1;Defensor Temerario
Nicolas Pallois;2;Defensor Caudillo
Saidou Sow;4;Defensor Regular
Ali Abdi;3;Defensor Atacante
Antoine Mendy;4;Defensor Regular
Dante;4;Defensor Regular
Jonathan Clauss;1;Defensor Temerario
Melvin Bard;3;Defensor Atacante
Mohamed Abdelmoneim;4;Defensor Regular
Moïse Bombito;4;Defensor Regular
Tom Louchet;0;Defensor Equilibrado
Yael Nandjou;1;Defensor Temerario
Youssouf Ndayishimiye;4;Defensor Regular
Achraf Hakimi;0;Defensor Equilibrado
Axel Tapé;2;Defensor Caudillo
Lucas Beraldo;4;Defensor Regular
Lucas Hernández;2;Defensor Caudillo
Marquinhos;2;Defensor Caudillo
Milan Škriniar;2;Defensor Caudillo
Nuno Mendes;4;Defensor Regular
Willian Pacho;2;Defensor Caudillo
Yoram Zague;4;Defensor Regular
Abdoul Koné;4;Defensor Regular
Aurélio Buta;1;Defensor Temerario
Cédric Kipré;4;Defensor Regular
Emmanuel Agbadou;4;Defensor Regular
Hiroki Sekine;3;Defensor Atacante
Joseph Okumu;2;Defensor Caudillo
Malcolm Jeng;1;Defensor Temerario
Mory Gbane;4;Defensor Regular
Nhoa Sangui;0;Defensor Equilibrado
Sergio Akieme;0;Defensor Equilibrado
Thibault De Smet;4;Defensor Regular
Adrien Truffert;3;Defensor Atacante
Alidu Seidu;1;Defensor Temerario
Anthony Rouault;2;Defensor Caudillo
Christopher Wooh;2;Defensor Caudillo
Hans Hateboer;4;Defensor Regular
Jérémy Jacquet;2;Defensor Caudillo
Leo Skiri Østigård;2;Defensor Caudillo
Lilian Brassier;2;Defensor Caudillo
Lorenz Assignon;3;Defensor Atacante
Mahamadou Nagida;3;Defensor Atacante
Mikayil Ngor Faye;4;Defensor Regular
Beres Owusu;3;Defensor Atacante
Dennis Appiah;1;Defensor Temerario
Dylan Batubinsika;2;Defensor Caudillo
Léo Pétrot;1;Defensor Temerario
Marwann Nzuzi;1;Defensor Temerario
Maxime Bernauer;2;Defensor Caudillo
Mickael Nade;4;Defensor Regular
Pierre Cornud;1;Defensor Temerario
Yunis Abdelhamid;2;Defensor Caudillo
Yvann Macon;3;Defensor Atacante
Abakar Sylla;2;Defensor Caudillo
Andrew Omobamidele;2;Defensor Caudillo
Caleb Wiley;0;Defensor Equilibrado
Diego Moreira;3;Defensor Atacante
Eduard Sobol;1;Defensor Temerario
Guela Doué;4;Defensor Regular
Guimissongui Ouattara;3;Defensor Atacante
Ismaël Doukouré;4;Defensor Regular
Mamadou Sarr;2;Defensor Caudillo
Marvin Senaya;4;Defensor Regular
Saidou Sow;2;Defensor Caudillo
Samuel Amo-Ameyaw;3;Defensor Atacante
Aron Dønnum;3;Defensor Atacante
Charlie Cresswell;2;Defensor Caudillo
Djibril Sidibé;4;Defensor Regular
Gabriel Suazo;1;Defensor Temerario
Jaydee Canvot;4;Defensor Regular
Logan Costa;4;Defensor Regular
Mark McKenzie;4;Defensor Regular
Rafik Messali;3;Defensor Atacante
Rasmus Nicolaisen;4;Defensor Regular
Waren Kamanzi;1;Defensor Temerario
Ümit Akdag;4;Defensor Regular
Cedric Zesiger;4;Defensor Regular
Chrislain Matsima;4;Defensor Regular
Dimitris Giannoulis;1;Defensor Temerario
Henri Koudossou;1;Defensor Temerario
Jeffrey Gouweleeuw;2;Defensor Caudillo
Keven Schlotterbeck;4;Defensor Regular
Mads Pedersen;4;Defensor Regular
Marius Wolf;3;Defensor Atacante
Maximilian Bauer;4;Defensor Regular
Noahkai Banks;2;Defensor Caudillo
Robert Gumny;1;Defensor Temerario
Alphonso Davies;0;Defensor Equilibrado
Dayot Upamecano;2;Defensor Caudillo
Eric Dier;4;Defensor Regular
Hiroki Ito;3;Defensor Atacante
Josip Stanišić;1;Defensor Temerario
Kim Min-jae;4;Defensor Regular
Konrad Laimer;0;Defensor Equilibrado
Raphaël Guerreiro;0;Defensor Equilibrado
Sacha Boey;0;Defensor Equilibrado
Bernardo;2;Defensor Caudillo
Cristian Gamboa;3;Defensor Atacante
Erhan Mašović;2;Defensor Caudillo
Felix Passlack;3;Defensor Atacante
Gerrit Holtmann;3;Defensor Atacante
Ivan Ordets;2;Defensor Caudillo
Jakov Medić;2;Defensor Caudillo
Maximilian Wittek;4;Defensor Regular
Tim Oermann;2;Defensor Caudillo
Almugera Kabar;0;Defensor Equilibrado
Daniel Svensson;1;Defensor Temerario
Emre Can;4;Defensor Regular
Julian Ryerson;1;Defensor Temerario
Nico Schlotterbeck;4;Defensor Regular
Niklas Süle;4;Defensor Regular
Ramy Bensebaini;1;Defensor Temerario
Waldemar Anton;4;Defensor Regular
Yan Couto;3;Defensor Atacante
Yannik Lührs;2;Defensor Caudillo
Arthur Theate;4;Defensor Regular
Aurele Amenda;4;Defensor Regular
Nathaniel Brown;0;Defensor Equilibrado
Niels Nkounkou;3;Defensor Atacante
Nnamdi Collins;4;Defensor Regular
Rasmus Kristensen;3;Defensor Atacante
Robin Koch;2;Defensor Caudillo
Tuta;4;Defensor Regular
Christian Günter;1;Defensor Temerario
Jordy Makengo;4;Defensor Regular
Kiliann Sildillia;3;Defensor Atacante
Lukas Kübler;1;Defensor Temerario
Matthias Ginter;2;Defensor Caudillo
Max Rosenfelder;4;Defensor Regular
Philipp Lienhart;2;Defensor Caudillo
Fabio Chiarodia;1;Defensor Temerario
Joe Scally;1;Defensor Temerario
Ko Itakura;4;Defensor Regular
Luca Netz;0;Defensor Equilibrado
Lukas Ullrich;0;Defensor Equilibrado
Marvin Friedrich;4;Defensor Regular
Nico Elvedi;1;Defensor Temerario
Stefan Lainer;1;Defensor Temerario
Benedikt Gimber;2;Defensor Caudillo
Frans Krätzig;3;Defensor Atacante
Jonas Föhrenbach;4;Defensor Regular
Marnon Busch;4;Defensor Regular
Omar Traoré;3;Defensor Atacante
Patrick Mainka;2;Defensor Caudillo
Thomas Keller;2;Defensor Caudillo
Tim Siersleben;2;Defensor Caudillo
Alexander Prass;3;Defensor Atacante
Arthur Chaves;4;Defensor Regular
David Jurásek;3;Defensor Atacante
Kevin Akpoguma;4;Defensor Regular
Leo Skiri Østigård;4;Defensor Regular
Pavel Kadeřábek;3;Defensor Atacante
Robin Hranáč;2;Defensor Caudillo
Stanley N'Soki;4;Defensor Regular
Tim Drexler;1;Defensor Temerario
Valentin Gendrey;1;Defensor Temerario
Carl Johansson;4;Defensor Regular
David Zec;2;Defensor Caudillo
Dominik Javorček;3;Defensor Atacante
Finn Porath;3;Defensor Atacante
John Tolkin;1;Defensor Temerario
Lasse Rosenboom;3;Defensor Atacante
Marco Komenda;4;Defensor Regular
Marko Ivezić;2;Defensor Caudillo
Max Geschwill;4;Defensor Regular
Patrick Erras;2;Defensor Caudillo
Timo Becker;4;Defensor Regular
Tymoteusz Puchacz;0;Defensor Equilibrado
Arthur;0;Defensor Equilibrado
Edmond Tapsoba;1;Defensor Temerario
Jeremie Frimpong;3;Defensor Atacante
Jonathan Tah;4;Defensor Regular
Mario Hermoso;1;Defensor Temerario
Nordi Mukiele;0;Defensor Equilibrado
Piero Hincapié;1;Defensor Temerario
Álex Grimaldo;0;Defensor Equilibrado
Andreas Hanche-Olsen;4;Defensor Regular
Anthony Caci;3;Defensor Atacante
Danny da Costa;4;Defensor Regular
Dominik Kohr;4;Defensor Regular
Maxim Leitsch;4;Defensor Regular
Moritz Jenz;4;Defensor Regular
Nikolas Veratschnig;3;Defensor Atacante
Phillipp Mwene;3;Defensor Atacante
Silvan Widmer;1;Defensor Temerario
Stefan Bell;2;Defensor Caudillo
Benjamin Henrichs;3;Defensor Atacante
Castello Lukeba;4;Defensor Regular
David Raum;3;Defensor Atacante
El Chadaille Bitshiabu;2;Defensor Caudillo
Kosta Nedeljković;0;Defensor Equilibrado
Lukas Klostermann;4;Defensor Regular
Lutsharel Geertruida;1;Defensor Temerario
Ridle Baku;3;Defensor Atacante
Willi Orban;2;Defensor Caudillo
Adam Dźwigała;4;Defensor Regular
David Nemeth;4;Defensor Regular
Eric Smith;4;Defensor Regular
Hauke Wahl;4;Defensor Regular
Karol Mets;2;Defensor Caudillo
Lars Ritzka;1;Defensor Temerario
Siebe Van Der Heyden;4;Defensor Regular
Ameen Al-Dakhil;4;Defensor Regular
Anrie Chase;4;Defensor Regular
Anthony Rouault;4;Defensor Regular
Finn Jeltsch;4;Defensor Regular
Josha Vagnoman;1;Defensor Temerario
Julian Chabot;4;Defensor Regular
Leonidas Stergiou;0;Defensor Equilibrado
Luca Jaquez;1;Defensor Temerario
Maximilian Mittelstädt;1;Defensor Temerario
Pascal Stenzel;4;Defensor Regular
Ramon Hendriks;1;Defensor Temerario
Christopher Trimmel;4;Defensor Regular
Danilho Doekhi;4;Defensor Regular
Diogo Leite;1;Defensor Temerario
Josip Juranović;4;Defensor Regular
Jérôme Roussillon;4;Defensor Regular
Kevin Vogt;2;Defensor Caudillo
Leopold Querfeld;4;Defensor Regular
Robert Skov;3;Defensor Atacante
Robin Gosens;3;Defensor Atacante
Tom Rothe;0;Defensor Equilibrado
Amos Pieper;4;Defensor Regular
Anthony Jung;4;Defensor Regular
Derrick Köhn;3;Defensor Atacante
Felix Agu;3;Defensor Atacante
Issa Kaboré;0;Defensor Equilibrado
Julián Malatini;4;Defensor Regular
Marco Friedl;2;Defensor Caudillo
Miloš Veljković;2;Defensor Caudillo
Mitchell Weiser;3;Defensor Atacante
Niklas Stark;2;Defensor Caudillo
Cedric Zesiger;4;Defensor Regular
David Odogu;2;Defensor Caudillo
Denis Vavro;2;Defensor Caudillo
Jakub Kamiński;0;Defensor Equilibrado
Joakim Mæhle;1;Defensor Temerario
Kevin Paredes;3;Defensor Atacante
Kilian Fischer;1;Defensor Temerario
Konstantinos Koulierakis;2;Defensor Caudillo
Mads Roerslev;4;Defensor Regular
Sebastiaan Bornauw;2;Defensor Caudillo
Berat Djimsiti;4;Defensor Regular
Davide Zappacosta;1;Defensor Temerario
Giorgio Scalvini;3;Defensor Atacante
Isak Hien;2;Defensor Caudillo
Juan Cuadrado;3;Defensor Atacante
Marco Palestra;3;Defensor Atacante
Matteo Ruggeri;0;Defensor Equilibrado
Odilon Kossounou;4;Defensor Regular
Rafael Tolói;4;Defensor Regular
Raoul Bellanova;3;Defensor Atacante
Sead Kolašinac;1;Defensor Temerario
Stefan Posch;0;Defensor Equilibrado
Charalambos Lykogiannis;4;Defensor Regular
Davide Calabria;1;Defensor Temerario
Emil Holm;4;Defensor Regular
Jhon Lucumí;4;Defensor Regular
Juan Miranda;4;Defensor Regular
Lorenzo De Silvestri;4;Defensor Regular
Martin Erlic;2;Defensor Caudillo
Nicolò Casale;2;Defensor Caudillo
Sam Beukema;2;Defensor Caudillo
Stefan Posch;4;Defensor Regular
Adam Obert;1;Defensor Temerario
Gabriele Zappa;1;Defensor Temerario
José Luis Palomino;2;Defensor Caudillo
Mateusz Wieteska;2;Defensor Caudillo
Nadir Zortea;3;Defensor Atacante
Paulo Azzi;3;Defensor Atacante
Sebastiano Luperto;2;Defensor Caudillo
Tommaso Augello;1;Defensor Temerario
Yerry Mina;4;Defensor Regular
Alberto Dossena;2;Defensor Caudillo
Alberto Moreno;4;Defensor Regular
Alessio Iovine;4;Defensor Regular
Edoardo Goldaniga;4;Defensor Regular
Federico Barba;1;Defensor Temerario
Fellipe Jack;3;Defensor Atacante
Ignace Van Der Brempt;1;Defensor Temerario
Ivan Smolčić;1;Defensor Temerario
Marc-Oliver Kempf;4;Defensor Regular
Marco Sala;3;Defensor Atacante
Mërgim Vojvoda;1;Defensor Temerario
Álex Valle;1;Defensor Temerario
Ardian Ismajli;2;Defensor Caudillo
Emmanuel Gyasi;1;Defensor Temerario
Giuseppe Pezzella;3;Defensor Atacante
Junior Sambia;4;Defensor Regular
Liberato Cacace;3;Defensor Atacante
Luca Marianucci;2;Defensor Caudillo
Mattia De Sciglio;4;Defensor Regular
Mattia Viti;4;Defensor Regular
Saba Goglichidze;2;Defensor Caudillo
Sebastian Walukiewicz;1;Defensor Temerario
Cristiano Biraghi;4;Defensor Regular
Dodô;4;Defensor Regular
Fabiano Parisi;1;Defensor Temerario
Luca Ranieri;4;Defensor Regular
Lucas Martínez Quarta;2;Defensor Caudillo
Marin Pongračić;2;Defensor Caudillo
Matias Moreno;4;Defensor Regular
Michael Kayode;3;Defensor Atacante
Pablo Marí;2;Defensor Caudillo
Pietro Comuzzo;2;Defensor Caudillo
Robin Gosens;4;Defensor Regular
Aarón Martín;4;Defensor Regular
Alan Matturro;2;Defensor Caudillo
Alessandro Vogliacco;4;Defensor Regular
Brooke Norton-Cuffy;3;Defensor Atacante
Honest Ahanor;3;Defensor Atacante
Johan Vásquez;2;Defensor Caudillo
Koni De Winter;2;Defensor Caudillo
Mattia Bani;2;Defensor Caudillo
Sebastian Otoa;4;Defensor Regular
Stefano Sabelli;4;Defensor Regular
Daniel Oyegoke;0;Defensor Equilibrado
Daniele Ghilardi;4;Defensor Regular
Darko Lazović;3;Defensor Atacante
Davide Faraoni;3;Defensor Atacante
Diego Coppola;2;Defensor Caudillo
Domagoj Bradarić;1;Defensor Temerario
Flavius Daniliuc;1;Defensor Temerario
Giangiacomo Magnani;2;Defensor Caudillo
Jackson Tchatchoua;0;Defensor Equilibrado
Martin Frese;3;Defensor Atacante
Nicolás Valentini;2;Defensor Caudillo
Paweł Dawidowicz;4;Defensor Regular
Alessandro Bastoni;4;Defensor Regular
Benjamin Pavard;4;Defensor Regular
Carlos Augusto;1;Defensor Temerario
Denzel Dumfries;3;Defensor Atacante
Federico Dimarco;3;Defensor Atacante
Francesco Acerbi;2;Defensor Caudillo
Matteo Darmian;4;Defensor Regular
Nicola Zalewski;3;Defensor Atacante
Stefan de Vrij;2;Defensor Caudillo
Tajon Buchanan;0;Defensor Equilibrado
Yann Aurel Bisseck;4;Defensor Regular
Alberto costa;0;Defensor Equilibrado
Andrea Cambiaso;1;Defensor Temerario
Danilo;4;Defensor Regular
Federico Gatti;2;Defensor Caudillo
Gleison Bremer;2;Defensor Caudillo
Jonas Rouhi;1;Defensor Temerario
Juan David Cabal;1;Defensor Temerario
Lloyd Kelly;1;Defensor Temerario
Nicolò Savona;1;Defensor Temerario
Pierre Kalulu;4;Defensor Regular
Renato Veiga;2;Defensor Caudillo
Timothy Weah;3;Defensor Atacante
Adam Marušić;1;Defensor Temerario
Alessio Romagnoli;4;Defensor Regular
Elseid Hysaj;1;Defensor Temerario
Luca Pellegrini;3;Defensor Atacante
Manuel Lazzari;3;Defensor Atacante
Mario Gila;2;Defensor Caudillo
Nicolò Casale;2;Defensor Caudillo
Nuno Tavares;3;Defensor Atacante
Patric;2;Defensor Caudillo
Samuel Gigot;4;Defensor Regular
Andy Pelmard;1;Defensor Temerario
Antonino Gallo;4;Defensor Regular
Danilo Veiga;3;Defensor Atacante
Federico Baschirotto;2;Defensor Caudillo
Frederic Guilbert;1;Defensor Temerario
Gaby Jean;4;Defensor Regular
Kialonda;2;Defensor Caudillo
Patrick Dorgu;3;Defensor Atacante
Tiago Gabriel;2;Defensor Caudillo
Valentin Gendrey;3;Defensor Atacante
Alejandro Jiménez;3;Defensor Atacante
Alexis Saelemaekers;0;Defensor Equilibrado
Davide Calabria;1;Defensor Temerario
Emerson;1;Defensor Temerario
Fikayo Tomori;4;Defensor Regular
Filippo Terracciano;4;Defensor Regular
Kyle Walker;4;Defensor Regular
Malick Thiaw;2;Defensor Caudillo
Matteo Gabbia;2;Defensor Caudillo
Strahinja Pavlović;4;Defensor Regular
Theo Hernández;1;Defensor Temerario
Andrea Carboni;1;Defensor Temerario
Armando Izzo;2;Defensor Caudillo
Arvid Brorsson;2;Defensor Caudillo
Danilo D'Ambrosio;4;Defensor Regular
Giorgos Kyriakopoulos;1;Defensor Temerario
Luca Caldirola;2;Defensor Caudillo
Pablo Marí;2;Defensor Caudillo
Pedro Pereira;4;Defensor Regular
Samuele Birindelli;3;Defensor Atacante
Stefan Lekovic;4;Defensor Regular
Tomás Palacios;4;Defensor Regular
Alessandro Buongiorno;4;Defensor Regular
Amir Rrahmani;2;Defensor Caudillo
Giovanni Di Lorenzo;1;Defensor Temerario
Juan Jesus;2;Defensor Caudillo
Leonardo Spinazzola;3;Defensor Atacante
Mathías Olivera;1;Defensor Temerario
Pasquale Mazzocchi;3;Defensor Atacante
Rafa Marín;2;Defensor Caudillo
Alessandro Circati;2;Defensor Caudillo
Alessandro Vogliacco;2;Defensor Caudillo
Antoine Hainaut;3;Defensor Atacante
Botond Balogh;2;Defensor Caudillo
Emanuele Valeri;3;Defensor Atacante
Enrico Del Prato;4;Defensor Regular
Giovanni Leoni;2;Defensor Caudillo
Lautaro Valenti;2;Defensor Caudillo
Mathias Løvik;3;Defensor Atacante
Woyo Coulibaly;1;Defensor Temerario
Yordan Osorio;4;Defensor Regular
Alexis Saelemaekers;0;Defensor Equilibrado
Anass Salah-Eddine;3;Defensor Atacante
Angeliño;4;Defensor Regular
Devyne Rensch;0;Defensor Equilibrado
Gianluca Mancini;4;Defensor Regular
Mario Hermoso;4;Defensor Regular
Mats Hummels;2;Defensor Caudillo
Nicola Zalewski;3;Defensor Atacante
Obite N'Dicka;2;Defensor Caudillo
Saud Abdulhamid;1;Defensor Temerario
Stephan El Shaarawy;3;Defensor Atacante
Victor Nelsson;2;Defensor Caudillo
Zeki Çelik;1;Defensor Temerario
Adam Masina;4;Defensor Regular
Ali Dembélé;1;Defensor Temerario
Borna Sosa;1;Defensor Temerario
Cristiano Biraghi;1;Defensor Temerario
Guillermo Maripán;2;Defensor Caudillo
Marcus Pedersen;3;Defensor Atacante
Mërgim Vojvoda;4;Defensor Regular
Raoul Bellanova;3;Defensor Atacante
Saúl Coco;2;Defensor Caudillo
Sebastian Walukiewicz;1;Defensor Temerario
Valentino Lazaro;3;Defensor Atacante
Christian Kabasele;4;Defensor Regular
Enzo Ebosse;2;Defensor Caudillo
Hassane Kamara;1;Defensor Temerario
Jaka Bijol;2;Defensor Caudillo
James Abankwah;4;Defensor Regular
Jordan Zemura;0;Defensor Equilibrado
Kingsley Ehizibue;1;Defensor Temerario
Lautaro Gianetti;2;Defensor Caudillo
Nehuén Pérez;1;Defensor Temerario
Oumar Solet;4;Defensor Regular
Rui Modesto;0;Defensor Equilibrado
Souleymane Touré;4;Defensor Regular
Thomas Kristensen;4;Defensor Regular
Alessandro Marcandalli;4;Defensor Regular
Alessio Zerbin;3;Defensor Atacante
Antonio Candela;3;Defensor Atacante
Bjarki Bjarkason;0;Defensor Equilibrado
Fali Candé;1;Defensor Temerario
Francesco Zampano;3;Defensor Atacante
Franco Carboni;3;Defensor Atacante
Giorgio Altare;2;Defensor Caudillo
Jay Idzes;2;Defensor Caudillo
Joël Schingtienne;1;Defensor Temerario
Marin Šverko;4;Defensor Regular
Michael Svoboda;2;Defensor Caudillo
Mikael Ellertsson;3;Defensor Atacante
Richie Sagrado;0;Defensor Equilibrado
Ridgeciano Haps;4;Defensor Regular
