player,cluster,classification
Declan Rice,1,Mediocampista Lector de Juego
Jorginho,4,Mediocampista Pasador
Martin Ødegaard,4,Mediocampista Pasador
Mikel Merino,2,Mediocampista Box to Box
Thomas Partey,1,Mediocampista Lector de Juego
Amadou Onana,1,Mediocampista Lector de Juego
Boubacar Kamara,1,Mediocampista Lector de Juego
Emi Buendía,5,Mediocampista Enganche
John McGinn,0,Mediocampista Goleador
Marco Asensio,0,Mediocampista Goleador
Ross Barkley,1,Mediocampista Lector de Juego
Youri Tielemans,1,Mediocampista Lector de Juego
Alex Scott,0,Mediocampista Goleador
Justin Kluivert,0,Mediocampista Goleador
Lewis Cook,1,Mediocampista Lector de Juego
Philip Billing,3,Mediocampista Recuperador
Ryan Christie,0,Mediocampista Goleador
Tyler Adams,1,Mediocampista Lector de Juego
Christian Nørgaard,1,Mediocampista Lector de Juego
Edmond-Paris Maghoma,4,Mediocampista Pasador
Mathias Jensen,1,Mediocampista Lector de Juego
Mikkel Damsgaard,1,Mediocampista Lector de Juego
Vitaly Janelt,2,Mediocampista Box to Box
Yehor Yarmoliuk,1,Mediocampista Lector de Juego
Billy Gilmour,1,Mediocampista Lector de Juego
Brajan Gruda,2,Mediocampista Box to Box
Carlos Baleba,1,Mediocampista Lector de Juego
Diego Gómez,1,Mediocampista Lector de Juego
Georginio Rutter,2,Mediocampista Box to Box
James Milner,3,Mediocampista Recuperador
Julio Enciso,5,Mediocampista Enganche
Mats Wieffer,1,Mediocampista Lector de Juego
Matt O'Riley,0,Mediocampista Goleador
Yasin Ayari,1,Mediocampista Lector de Juego
Cole Palmer,0,Mediocampista Goleador
Enzo Fernández,4,Mediocampista Pasador
Kiernan Dewsbury-Hall,1,Mediocampista Lector de Juego
Moisés Caicedo,1,Mediocampista Lector de Juego
Roméo Lavia,0,Mediocampista Goleador
Adam Wharton,0,Mediocampista Goleador
Cheick Doucouré,0,Mediocampista Goleador
Daichi Kamada,0,Mediocampista Goleador
Eberechi Eze,2,Mediocampista Box to Box
Ismaila Sarr,0,Mediocampista Goleador
Jefferson Lerma,1,Mediocampista Lector de Juego
Jeffrey Schlupp,5,Mediocampista Enganche
Justin Devenny,2,Mediocampista Box to Box
Odsonne Édouard,5,Mediocampista Enganche
Romain Esse,3,Mediocampista Recuperador
Will Hughes,2,Mediocampista Box to Box
Abdoulaye Doucouré,0,Mediocampista Goleador
Dwight McNeil,2,Mediocampista Box to Box
Idrissa Gana Gueye,2,Mediocampista Box to Box
James Garner,1,Mediocampista Lector de Juego
Orel Mangala,2,Mediocampista Box to Box
Tim Iroegbunam,3,Mediocampista Recuperador
Andreas Pereira,0,Mediocampista Goleador
Emile Smith Rowe,0,Mediocampista Goleador
Harrison Reed,0,Mediocampista Goleador
Joshua King,5,Mediocampista Enganche
Sander Berge,1,Mediocampista Lector de Juego
Saša Lukić,0,Mediocampista Goleador
Tom Cairney,4,Mediocampista Pasador
Conor Chaplin,2,Mediocampista Box to Box
Jack Taylor,0,Mediocampista Goleador
Jens Cajuste,0,Mediocampista Goleador
Julio Enciso,2,Mediocampista Box to Box
Kalvin Phillips,0,Mediocampista Goleador
Massimo Luongo,3,Mediocampista Recuperador
Nathan Broadhead,0,Mediocampista Goleador
Omari Hutchinson,0,Mediocampista Goleador
Sam Morsy,0,Mediocampista Goleador
Bilal El Khannouss,2,Mediocampista Box to Box
Boubakary Soumaré,1,Mediocampista Lector de Juego
Hamza Choudhury,4,Mediocampista Pasador
Harry Winks,4,Mediocampista Pasador
Oliver Skipp,2,Mediocampista Box to Box
Wilfred Ndidi,2,Mediocampista Box to Box
Alexis Mac Allister,1,Mediocampista Lector de Juego
Curtis Jones,1,Mediocampista Lector de Juego
Dominik Szoboszlai,0,Mediocampista Goleador
Harvey Elliott,4,Mediocampista Pasador
Ryan Gravenberch,1,Mediocampista Lector de Juego
Wataru Endo,1,Mediocampista Lector de Juego
Bernardo Silva,4,Mediocampista Pasador
James Mcatee,5,Mediocampista Enganche
Kevin De Bruyne,4,Mediocampista Pasador
Mateo Kovačić,4,Mediocampista Pasador
Nicolás González,4,Mediocampista Pasador
Phil Foden,0,Mediocampista Goleador
İlkay Gündoğan,4,Mediocampista Pasador
Alejandro Garnacho,0,Mediocampista Goleador
Amad Diallo,2,Mediocampista Box to Box
Bruno Fernandes,4,Mediocampista Pasador
Casemiro,1,Mediocampista Lector de Juego
Christian Eriksen,4,Mediocampista Pasador
Kobbie Mainoo,1,Mediocampista Lector de Juego
Manuel Ugarte Ribeiro,0,Mediocampista Goleador
Mason Mount,3,Mediocampista Recuperador
Toby Collyer,3,Mediocampista Recuperador
Bruno Guimarães,1,Mediocampista Lector de Juego
Joe Willock,2,Mediocampista Box to Box
Joelinton,2,Mediocampista Box to Box
Lewis Miley,1,Mediocampista Lector de Juego
Sandro Tonali,1,Mediocampista Lector de Juego
Sean Longstaff,2,Mediocampista Box to Box
Danilo,2,Mediocampista Box to Box
Elliot Anderson,1,Mediocampista Lector de Juego
Ibrahim Sangaré,0,Mediocampista Goleador
James Ward-Prowse,3,Mediocampista Recuperador
Morgan Gibbs-White,2,Mediocampista Box to Box
Nicolás Domínguez,0,Mediocampista Goleador
Ryan Yates,2,Mediocampista Box to Box
Adam Lallana,4,Mediocampista Pasador
Flynn Downes,0,Mediocampista Goleador
Joe Aribo,1,Mediocampista Lector de Juego
Lesley Ugochukwu,2,Mediocampista Box to Box
Mateus Fernandes,2,Mediocampista Box to Box
William Smallbone,0,Mediocampista Goleador
Dejan Kulusevski,0,Mediocampista Goleador
James Maddison,4,Mediocampista Pasador
Lucas Bergvall,1,Mediocampista Lector de Juego
Pape Matar Sarr,1,Mediocampista Lector de Juego
Rodrigo Bentancur,4,Mediocampista Pasador
Yves Bissouma,1,Mediocampista Lector de Juego
Andy Irving,4,Mediocampista Pasador
Carlos Soler,0,Mediocampista Goleador
Edson Álvarez,1,Mediocampista Lector de Juego
Guido Rodríguez,1,Mediocampista Lector de Juego
James Ward-Prowse,4,Mediocampista Pasador
Lucas Paquetá,1,Mediocampista Lector de Juego
Luis Guilherme,5,Mediocampista Enganche
Tomáš Souček,3,Mediocampista Recuperador
André,1,Mediocampista Lector de Juego
Carlos Forbs,3,Mediocampista Recuperador
Gonçalo Guedes,0,Mediocampista Goleador
Hwang Hee-chan,0,Mediocampista Goleador
Jean-Ricner Bellegarde,3,Mediocampista Recuperador
João Gomes,0,Mediocampista Goleador
Mario Lemina,3,Mediocampista Recuperador
Marshall Munetsi,3,Mediocampista Recuperador
Matheus Cunha,0,Mediocampista Goleador
Pablo Sarabia,3,Mediocampista Recuperador
Tommy Doyle,4,Mediocampista Pasador
Ander Guevara,1,Mediocampista Lector de Juego
Antonio Blanco,0,Mediocampista Goleador
Carles Aleñá,2,Mediocampista Box to Box
Carlos Benavídez,2,Mediocampista Box to Box
Joan Jordán,1,Mediocampista Lector de Juego
Jon Guridi,2,Mediocampista Box to Box
Pau Cabanes,2,Mediocampista Box to Box
Stoichkov,3,Mediocampista Recuperador
Ander Herrera,4,Mediocampista Pasador
Beñat Prados,0,Mediocampista Goleador
Iñigo Ruiz de Galarreta,1,Mediocampista Lector de Juego
Mikel Jauregizar,1,Mediocampista Lector de Juego
Mikel Vesga,1,Mediocampista Lector de Juego
Oihan Sancet,0,Mediocampista Goleador
Peio Canales,3,Mediocampista Recuperador
Unai Gómez,3,Mediocampista Recuperador
Conor Gallagher,0,Mediocampista Goleador
Giuliano Simeone,2,Mediocampista Box to Box
Koke,4,Mediocampista Pasador
Pablo Barrios,1,Mediocampista Lector de Juego
Rodrigo De Paul,4,Mediocampista Pasador
Rodrigo Riquelme,1,Mediocampista Lector de Juego
Samuel Lino,1,Mediocampista Lector de Juego
Dani Olmo,0,Mediocampista Goleador
Fermin López,0,Mediocampista Goleador
Frenkie de Jong,4,Mediocampista Pasador
Gavi,1,Mediocampista Lector de Juego
Marc Bernal,3,Mediocampista Recuperador
Marc Casado,4,Mediocampista Pasador
Pablo Torre,1,Mediocampista Lector de Juego
Pedri,4,Mediocampista Pasador
Carlos Guirao,3,Mediocampista Recuperador
Giovani Lo Celso,1,Mediocampista Lector de Juego
Iker Losada,2,Mediocampista Box to Box
Isco,4,Mediocampista Pasador
Johnny Cardoso,0,Mediocampista Goleador
Marc Roca,1,Mediocampista Lector de Juego
Mateo Flores,3,Mediocampista Recuperador
Nabil Fekir,2,Mediocampista Box to Box
Pablo Fornals,4,Mediocampista Pasador
Sergi Altimira,1,Mediocampista Lector de Juego
William Carvalho,1,Mediocampista Lector de Juego
Damián Rodríguez,4,Mediocampista Pasador
Fran Beltrán,4,Mediocampista Pasador
Hugo Sotelo,4,Mediocampista Pasador
Hugo Álvarez,1,Mediocampista Lector de Juego
Ilaix Moriba,2,Mediocampista Box to Box
Sergio Carreira,1,Mediocampista Lector de Juego
Óscar Mingueza,4,Mediocampista Pasador
Alex Král,2,Mediocampista Box to Box
Edu Expósito,2,Mediocampista Box to Box
Jofre,3,Mediocampista Recuperador
José Gragera,2,Mediocampista Box to Box
Justin Smith,3,Mediocampista Recuperador
Pere Milla,5,Mediocampista Enganche
Pol Lozano,0,Mediocampista Goleador
Rafael Bauza,2,Mediocampista Box to Box
Urko González,3,Mediocampista Recuperador
Álvaro Aguado,0,Mediocampista Goleador
Álvaro Tejero,0,Mediocampista Goleador
Alex Sola,2,Mediocampista Box to Box
Carles Aleñá,0,Mediocampista Goleador
Carles Pérez,2,Mediocampista Box to Box
Coba da Costa,2,Mediocampista Box to Box
Jesús Santiago,3,Mediocampista Recuperador
Juan Bernat,3,Mediocampista Recuperador
Luis Milla,1,Mediocampista Lector de Juego
Mauro Arambarri,2,Mediocampista Box to Box
Nabil Aberdin,3,Mediocampista Recuperador
Peter González,3,Mediocampista Recuperador
Ramón Terrats,0,Mediocampista Goleador
Arthur Melo,4,Mediocampista Pasador
Donny van de Beek,2,Mediocampista Box to Box
Iván Martín,4,Mediocampista Pasador
Jhon Solis,0,Mediocampista Goleador
Oriol Romeu,1,Mediocampista Lector de Juego
Silvi Clúa,1,Mediocampista Lector de Juego
Yangel Herrera,2,Mediocampista Box to Box
Dario Essugo,2,Mediocampista Box to Box
Enzo Loiodice,4,Mediocampista Pasador
Javier Muñoz,0,Mediocampista Goleador
José Campaña,1,Mediocampista Lector de Juego
Kirian Rodríguez,1,Mediocampista Lector de Juego
Stefan Bajcetic,2,Mediocampista Box to Box
Darko Brašanac,2,Mediocampista Box to Box
Duk,3,Mediocampista Recuperador
Julián Chicco,2,Mediocampista Box to Box
Renato Tapia,2,Mediocampista Box to Box
Roberto López,0,Mediocampista Goleador
Seydouba Cissé,2,Mediocampista Box to Box
Yan Diomandé,5,Mediocampista Enganche
Yvan Neyou,0,Mediocampista Goleador
Óscar Rodríguez Arnaiz,2,Mediocampista Box to Box
Antonio Sánchez,2,Mediocampista Box to Box
Chiquinho,5,Mediocampista Enganche
Dani Rodríguez,2,Mediocampista Box to Box
Manu Morlanes,1,Mediocampista Lector de Juego
Omar Mascarell,0,Mediocampista Goleador
Roberto Navarro,2,Mediocampista Box to Box
Samu Costa,0,Mediocampista Goleador
Sergi Darder,0,Mediocampista Goleador
Valery Fernández,3,Mediocampista Recuperador
Aimar Oroz,0,Mediocampista Goleador
Iker Muñoz,0,Mediocampista Goleador
Jon Moncayola,2,Mediocampista Box to Box
José Arnaiz,3,Mediocampista Recuperador
Lucas Torró,2,Mediocampista Box to Box
Moi Gómez,1,Mediocampista Lector de Juego
Pablo Ibáñez,0,Mediocampista Goleador
Gerard Gumbau,1,Mediocampista Lector de Juego
Isaac Palazón Camacho,0,Mediocampista Goleador
James Rodríguez,5,Mediocampista Enganche
Pathé Ciss,1,Mediocampista Lector de Juego
Pedro Díaz,0,Mediocampista Goleador
Unai López,4,Mediocampista Pasador
Óscar Trejo,4,Mediocampista Pasador
Óscar Valentín,0,Mediocampista Goleador
Arda Güler,4,Mediocampista Pasador
Dani Ceballos,4,Mediocampista Pasador
Eduardo Camavinga,1,Mediocampista Lector de Juego
Federico Valverde,1,Mediocampista Lector de Juego
Jude Bellingham,1,Mediocampista Lector de Juego
Luka Modrić,4,Mediocampista Pasador
Ander Barrenetxea,0,Mediocampista Goleador
Beñat Turrientes,0,Mediocampista Goleador
Brais Méndez,0,Mediocampista Goleador
Luka Sučić,0,Mediocampista Goleador
Martín Zubimendi,1,Mediocampista Lector de Juego
Olasagasti,0,Mediocampista Goleador
Pablo Marín,2,Mediocampista Box to Box
Sergio Gómez,1,Mediocampista Lector de Juego
Takefusa Kubo,2,Mediocampista Box to Box
Albert Sambi Lokonga,1,Mediocampista Lector de Juego
Djibril Sow,0,Mediocampista Goleador
Juanlu Sánchez,2,Mediocampista Box to Box
Lucien Agoume,1,Mediocampista Lector de Juego
Manu Bueno,1,Mediocampista Lector de Juego
Peque,2,Mediocampista Box to Box
Saúl Ñíguez,0,Mediocampista Goleador
Diego López,0,Mediocampista Goleador
Domingos André Ribeiro Almeida,0,Mediocampista Goleador
Enzo Barrenechea,1,Mediocampista Lector de Juego
Germán Valera,5,Mediocampista Enganche
Hugo Guillamón,3,Mediocampista Recuperador
Ivan Jaime Pajuelo,3,Mediocampista Recuperador
Javier Guerra,1,Mediocampista Lector de Juego
José Luis García Vayá,1,Mediocampista Lector de Juego
Luis Rioja,0,Mediocampista Goleador
Sergi Canós,2,Mediocampista Box to Box
Anuar,2,Mediocampista Box to Box
Chuky san jose,0,Mediocampista Goleador
Darwin Machís,2,Mediocampista Box to Box
Florian Grillitsch,1,Mediocampista Lector de Juego
Iván Sánchez,2,Mediocampista Box to Box
Kike Pérez,2,Mediocampista Box to Box
Mario Martín,0,Mediocampista Goleador
Raúl Moro,2,Mediocampista Box to Box
Selim Amallah,2,Mediocampista Box to Box
Stanko Jurić,0,Mediocampista Goleador
Tamás Nikitscher,2,Mediocampista Box to Box
Víctor Meseguer,0,Mediocampista Goleador
Alex Baena,0,Mediocampista Goleador
Daniel Parejo,1,Mediocampista Lector de Juego
Denis Suárez,2,Mediocampista Box to Box
Ilias Akhomach,2,Mediocampista Box to Box
Pape Gueye,3,Mediocampista Recuperador
Pau Cabanes,3,Mediocampista Recuperador
Ramón Terrats,1,Mediocampista Lector de Juego
Santi Comesaña,1,Mediocampista Lector de Juego
Tajon Buchanan,3,Mediocampista Recuperador
Yeremi Pino,2,Mediocampista Box to Box
Haris Belkebla,2,Mediocampista Box to Box
Himad Abdelli,4,Mediocampista Pasador
Jean-Eudes Aholou,2,Mediocampista Box to Box
Marius Courcoul,0,Mediocampista Goleador
Pierrick Capelle,2,Mediocampista Box to Box
Yassin Belkhdim,2,Mediocampista Box to Box
Zinédine Ould Khaled,5,Mediocampista Enganche
Ado Onaiwu,0,Mediocampista Goleador
Assane Dioussé,0,Mediocampista Goleador
Elisha Owusu,2,Mediocampista Box to Box
Gaëtan Perrin,2,Mediocampista Box to Box
Hamed Junior Traorè,0,Mediocampista Goleador
Han-Noah Massengo,2,Mediocampista Box to Box
Kévin Danois,0,Mediocampista Goleador
Rayan Raveloson,0,Mediocampista Goleador
Edimilson Fernandes,1,Mediocampista Lector de Juego
Hugo Magnetti,0,Mediocampista Goleador
Jonas Martin,1,Mediocampista Lector de Juego
Kamory Doumbia,1,Mediocampista Lector de Juego
Mahdi Camara,2,Mediocampista Box to Box
Pierre Lees-Melou,4,Mediocampista Pasador
Romain Faivre,2,Mediocampista Box to Box
Abdoulaye Touré,2,Mediocampista Box to Box
Antoine Joujou,3,Mediocampista Recuperador
Daler Kuzyaev,0,Mediocampista Goleador
Junior Mwanga,2,Mediocampista Box to Box
Mahamadou Diawara,2,Mediocampista Box to Box
Oussama Targhalline,0,Mediocampista Goleador
Rassoul Ndiaye,2,Mediocampista Box to Box
Yassine Kechta,2,Mediocampista Box to Box
Adrien Thomasson,1,Mediocampista Lector de Juego
Andy Diouf,0,Mediocampista Goleador
Angelo Fulgini,4,Mediocampista Pasador
David Costa,0,Mediocampista Goleador
Hamzat Ojediran,4,Mediocampista Pasador
Nampalys Mendy,0,Mediocampista Goleador
Neil El Aynaoui,4,Mediocampista Pasador
André Gomes,4,Mediocampista Pasador
Angel Gomes,5,Mediocampista Enganche
Ayyoub Bouaddi,2,Mediocampista Box to Box
Benjamin André,1,Mediocampista Lector de Juego
Ethan Mbappé,5,Mediocampista Enganche
Hákon Arnar Haraldsson,1,Mediocampista Lector de Juego
Nabil Bentaleb,4,Mediocampista Pasador
Ngal'Ayel Mukau,1,Mediocampista Lector de Juego
Corentin Tolisso,1,Mediocampista Lector de Juego
Jordan Veretout,4,Mediocampista Pasador
Maxence Caqueret,4,Mediocampista Pasador
Nemanja Matić,1,Mediocampista Lector de Juego
Tanner Tessmann,1,Mediocampista Lector de Juego
Thiago Almada,4,Mediocampista Pasador
Adrien Rabiot,1,Mediocampista Lector de Juego
Amine Harit,1,Mediocampista Lector de Juego
Bilal Nadir,1,Mediocampista Lector de Juego
Ismaël Bennacer,4,Mediocampista Pasador
Ismaël Koné,3,Mediocampista Recuperador
Pierre Højbjerg,4,Mediocampista Pasador
Valentin Carboni,5,Mediocampista Enganche
Valentin Rongier,4,Mediocampista Pasador
Aleksandr Golovin,1,Mediocampista Lector de Juego
Almoatasem Al Musrati,1,Mediocampista Lector de Juego
Denis Zakaria,1,Mediocampista Lector de Juego
Eliesse Ben Seghir,1,Mediocampista Lector de Juego
Lamine Camara,1,Mediocampista Lector de Juego
Saïmon Bouabré,5,Mediocampista Enganche
Soungoutou Magassa,1,Mediocampista Lector de Juego
Takumi Minamino,0,Mediocampista Goleador
Birama Touré,3,Mediocampista Recuperador
Jordan Ferri,4,Mediocampista Pasador
Joris Chotard,0,Mediocampista Goleador
Khalil Fayad,1,Mediocampista Lector de Juego
Rabby Nzingoula,2,Mediocampista Box to Box
Téji Savanier,1,Mediocampista Lector de Juego
Dehmaine Assoumani,3,Mediocampista Recuperador
Douglas,1,Mediocampista Lector de Juego
Florent Mollet,3,Mediocampista Recuperador
Francis Coquelin,3,Mediocampista Recuperador
Jean-Philippe Gbamin,0,Mediocampista Goleador
Johann Lepenant,2,Mediocampista Box to Box
Louis Leroux,3,Mediocampista Recuperador
Pedro Chirivella,4,Mediocampista Pasador
Tino Kadewere,2,Mediocampista Box to Box
Badredine Bouanani,0,Mediocampista Goleador
Baptiste Santamaria,1,Mediocampista Lector de Juego
Hicham Boudaoui,2,Mediocampista Box to Box
Jeremie Boga,2,Mediocampista Box to Box
Morgan Sanson,0,Mediocampista Goleador
Pablo Rosario,2,Mediocampista Box to Box
Sofiane Diop,0,Mediocampista Goleador
Tanguy Ndombele,2,Mediocampista Box to Box
Fabián Ruiz Peña,4,Mediocampista Pasador
João Neves,4,Mediocampista Pasador
Senny Mayulu,1,Mediocampista Lector de Juego
Vitinha,4,Mediocampista Pasador
Warren Zaïre-Emery,4,Mediocampista Pasador
Amadou Koné,2,Mediocampista Box to Box
Ange Martial Tia,0,Mediocampista Goleador
John Joe,0,Mediocampista Goleador
Marshall Munetsi,3,Mediocampista Recuperador
Teddy Teuma,4,Mediocampista Pasador
Valentin Atangana Edoa,3,Mediocampista Recuperador
Yaya Kader Fofana,0,Mediocampista Goleador
Albert Grønbaek,2,Mediocampista Box to Box
Amine Gouiri,0,Mediocampista Goleador
Azor Matusiwa,3,Mediocampista Recuperador
Baptiste Santamaria,1,Mediocampista Lector de Juego
Carlos Gómez,0,Mediocampista Goleador
Djaoui Cissé,1,Mediocampista Lector de Juego
Glen Kamara,1,Mediocampista Lector de Juego
Ismaël Koné,3,Mediocampista Recuperador
Jordan James,1,Mediocampista Lector de Juego
Kazeem Olaigbe,2,Mediocampista Box to Box
Ludovic Blas,2,Mediocampista Box to Box
Seko Fofana,4,Mediocampista Pasador
Aimen Moueffek,0,Mediocampista Goleador
Benjamin Bouchouari,4,Mediocampista Pasador
Florian Tardieu,4,Mediocampista Pasador
Lamine Fomba,4,Mediocampista Pasador
Louis Mouton,1,Mediocampista Lector de Juego
Mathieu Cafaro,0,Mediocampista Goleador
Mathis Amougou,2,Mediocampista Box to Box
Pierre Ekwah Elimby,1,Mediocampista Lector de Juego
Andrey Santos,1,Mediocampista Lector de Juego
Dilane Bakwa,2,Mediocampista Box to Box
Félix Lemaréchal,2,Mediocampista Box to Box
Habib Diarra,0,Mediocampista Goleador
Junior Mwanga,1,Mediocampista Lector de Juego
Sebastian Nanasi,0,Mediocampista Goleador
Valentín Barco,1,Mediocampista Lector de Juego
Cristian Cásseres Jr.,1,Mediocampista Lector de Juego
Denis Genreau,1,Mediocampista Lector de Juego
Miha Zajc,1,Mediocampista Lector de Juego
Niklas Schmidt,1,Mediocampista Lector de Juego
Noah Edjouma,2,Mediocampista Box to Box
Shavy Babicka,2,Mediocampista Box to Box
Vincent Sierro,1,Mediocampista Lector de Juego
Yann Gboho,2,Mediocampista Box to Box
Zakaria Aboukhlal,0,Mediocampista Goleador
Alexis Claude-Maurice,2,Mediocampista Box to Box
Arne Maier,1,Mediocampista Lector de Juego
Elvis Rexhbeçaj,2,Mediocampista Box to Box
Frank Onyeka,2,Mediocampista Box to Box
Fredrik Jensen,3,Mediocampista Recuperador
Kristijan Jakić,2,Mediocampista Box to Box
Mert Kömür,5,Mediocampista Enganche
Ruben Vargas,0,Mediocampista Goleador
Tim Breithaupt,5,Mediocampista Enganche
Aleksandar Pavlovic,4,Mediocampista Pasador
Jamal Musiala,0,Mediocampista Goleador
Joshua Kimmich,4,Mediocampista Pasador
João Palhinha,1,Mediocampista Lector de Juego
Leon Goretzka,4,Mediocampista Pasador
Thomas Müller,0,Mediocampista Goleador
Aliou Badara Baldé,5,Mediocampista Enganche
Anthony Losilla,2,Mediocampista Box to Box
Dani de Wit,3,Mediocampista Recuperador
Ibrahima Sissoko,2,Mediocampista Box to Box
Lukas Daschner,0,Mediocampista Goleador
Mats Pannewig,0,Mediocampista Goleador
Matúš Bero,1,Mediocampista Lector de Juego
Moritz-Broni Kwarteng,2,Mediocampista Box to Box
Tom Krauß,1,Mediocampista Lector de Juego
Carney Chukwuemeka,3,Mediocampista Recuperador
Felix Nmecha,1,Mediocampista Lector de Juego
Gio Reyna,3,Mediocampista Recuperador
Julian Brandt,0,Mediocampista Goleador
Marcel Sabitzer,1,Mediocampista Lector de Juego
Pascal Groß,4,Mediocampista Pasador
Salih Özcan,1,Mediocampista Lector de Juego
Ansgar Knauff,2,Mediocampista Box to Box
Can Uzun,2,Mediocampista Box to Box
Ellyes Skhiri,0,Mediocampista Goleador
Fares Chaïbi,0,Mediocampista Goleador
Hugo Larsson,1,Mediocampista Lector de Juego
Jean Mattéo Bahoya,3,Mediocampista Recuperador
Junior Dina Ebimbe,0,Mediocampista Goleador
Mahmoud Dahoud,1,Mediocampista Lector de Juego
Mario Götze,1,Mediocampista Lector de Juego
Oscar Højlund,1,Mediocampista Lector de Juego
Eren Dinkçi,0,Mediocampista Goleador
Maximilian Eggestein,1,Mediocampista Lector de Juego
Merlin Röhl,3,Mediocampista Recuperador
Nicolas Höfler,2,Mediocampista Box to Box
Patrick Osterhage,2,Mediocampista Box to Box
Alassane Pléa,0,Mediocampista Goleador
Florian Neuhaus,4,Mediocampista Pasador
Julian Weigl,1,Mediocampista Lector de Juego
Kevin Stöger,4,Mediocampista Pasador
Philipp Sander,1,Mediocampista Lector de Juego
Rocco Reitz,2,Mediocampista Box to Box
Adrian Beck,0,Mediocampista Goleador
Jan Schöppner,0,Mediocampista Goleador
Julian Niehues,0,Mediocampista Goleador
Lennard Maloney,3,Mediocampista Recuperador
Luca Kerber,2,Mediocampista Box to Box
Niklas Dorsch,1,Mediocampista Lector de Juego
Paul Wanner,2,Mediocampista Box to Box
Andrej Kramarić,2,Mediocampista Box to Box
Anton Stach,1,Mediocampista Lector de Juego
Dennis Geiger,2,Mediocampista Box to Box
Diadie Samassékou,1,Mediocampista Lector de Juego
Finn Ole Becker,4,Mediocampista Pasador
Florian Grillitsch,1,Mediocampista Lector de Juego
Grischa Prömel,5,Mediocampista Enganche
Tom Bischof,1,Mediocampista Lector de Juego
Umut Tohumcu,3,Mediocampista Recuperador
Andu Kelati,0,Mediocampista Goleador
Armin Gigovic,0,Mediocampista Goleador
Lewis Holtby,1,Mediocampista Lector de Juego
Magnus Knudsen,2,Mediocampista Box to Box
Marvin Schulz,0,Mediocampista Goleador
Nicolai Remberg,2,Mediocampista Box to Box
Steven Skrzybski,0,Mediocampista Goleador
Aleix García,4,Mediocampista Pasador
Amine Adli,0,Mediocampista Goleador
Emi Buendía,1,Mediocampista Lector de Juego
Exequiel Palacios,4,Mediocampista Pasador
Florian Wirtz,4,Mediocampista Pasador
Granit Xhaka,4,Mediocampista Pasador
Jonas Hofmann,0,Mediocampista Goleador
Martin Terrier,0,Mediocampista Goleador
Nathan Tella,2,Mediocampista Box to Box
Robert Andrich,1,Mediocampista Lector de Juego
Hong Hyunseok,0,Mediocampista Goleador
Kaishu Sano,2,Mediocampista Box to Box
Karim Onisiwo,5,Mediocampista Enganche
Lee Jae-sung,0,Mediocampista Goleador
Nadiem Amiri,4,Mediocampista Pasador
Paul Nebel,0,Mediocampista Goleador
Amadou Haidara,4,Mediocampista Pasador
Antonio Nusa,2,Mediocampista Box to Box
Arthur Vermeeren,4,Mediocampista Pasador
Christoph Baumgartner,2,Mediocampista Box to Box
Kevin Kampl,1,Mediocampista Lector de Juego
Nicolas Seiwald,1,Mediocampista Lector de Juego
Tidiam Gomis,5,Mediocampista Enganche
Xaver Schlager,0,Mediocampista Goleador
Xavi Simons,1,Mediocampista Lector de Juego
Carlo Boukhalfa,2,Mediocampista Box to Box
Connor Metcalfe,5,Mediocampista Enganche
Jackson Irvine,2,Mediocampista Box to Box
James Sands,3,Mediocampista Recuperador
Manolis Saliakas,1,Mediocampista Lector de Juego
Philipp Treu,1,Mediocampista Lector de Juego
Robert Wagner,0,Mediocampista Goleador
Angelo Stiller,4,Mediocampista Pasador
Atakan Karazor,1,Mediocampista Lector de Juego
Chris Führich,1,Mediocampista Lector de Juego
Enzo Millot,4,Mediocampista Pasador
Fabian Rieder,0,Mediocampista Goleador
Jacob Bruun Larsen,5,Mediocampista Enganche
Jamie Leweling,2,Mediocampista Box to Box
Yannik Keitel,3,Mediocampista Recuperador
Aljoscha Kemlein,0,Mediocampista Goleador
András Schäfer,3,Mediocampista Recuperador
David Preu,5,Mediocampista Enganche
Janik Haberer,2,Mediocampista Box to Box
Jeong Woo-yeong,0,Mediocampista Goleador
Lucas Tousart,2,Mediocampista Box to Box
László Bénes,0,Mediocampista Goleador
Rani Khedira,3,Mediocampista Recuperador
Yorbe Vertessen,0,Mediocampista Goleador
Jens Stage,2,Mediocampista Box to Box
Leonardo Bittencourt,4,Mediocampista Pasador
Romano Schmid,1,Mediocampista Lector de Juego
Senne Lynen,2,Mediocampista Box to Box
Skelly Alvero,3,Mediocampista Recuperador
Aster Vranckx,0,Mediocampista Goleador
Bence Dárdai,2,Mediocampista Box to Box
Lovro Majer,0,Mediocampista Goleador
Mattias Svanberg,2,Mediocampista Box to Box
Maximilian Arnold,1,Mediocampista Lector de Juego
Patrick Wimmer,0,Mediocampista Goleador
Salih Özcan,4,Mediocampista Pasador
Yannick Gerhardt,0,Mediocampista Goleador
Ademola Lookman,2,Mediocampista Box to Box
Charles De Ketelaere,0,Mediocampista Goleador
Ibrahim Sulemana,4,Mediocampista Pasador
Lazar Samardzic,1,Mediocampista Lector de Juego
Marco Brescianini,3,Mediocampista Recuperador
Mario Pašalić,4,Mediocampista Pasador
Marten de Roon,4,Mediocampista Pasador
Éderson,1,Mediocampista Lector de Juego
Giovanni Fabbian,2,Mediocampista Box to Box
Jens Odgaard,0,Mediocampista Goleador
Kacper Urbanski,1,Mediocampista Lector de Juego
Lewis Ferguson,1,Mediocampista Lector de Juego
Michel Aebischer,1,Mediocampista Lector de Juego
Nikola Moro,1,Mediocampista Lector de Juego
Remo Freuler,4,Mediocampista Pasador
Tommaso Pobega,3,Mediocampista Recuperador
Alessandro Deiola,0,Mediocampista Goleador
Antoine Makoumbou,3,Mediocampista Recuperador
Gianluca Gaetano,0,Mediocampista Goleador
Matteo Prati,0,Mediocampista Goleador
Mattia Felici,2,Mediocampista Box to Box
Michel Ndary Adopo,2,Mediocampista Box to Box
Răzvan Marin,1,Mediocampista Lector de Juego
Luca Mazzitelli,3,Mediocampista Recuperador
Lucas Da Cunha,1,Mediocampista Lector de Juego
Matthias Braunöder,1,Mediocampista Lector de Juego
Maxence Caqueret,1,Mediocampista Lector de Juego
Máximo Perrone,4,Mediocampista Pasador
Nicolás Paz,2,Mediocampista Box to Box
Sergi Roberto,1,Mediocampista Lector de Juego
Simone Verdi,5,Mediocampista Enganche
Yannik Engelhardt,1,Mediocampista Lector de Juego
Alberto Grassi,3,Mediocampista Recuperador
Emmanuel Ekong,3,Mediocampista Recuperador
Faustino Anjorin,2,Mediocampista Box to Box
Jacopo Fazzini,2,Mediocampista Box to Box
Liam Henderson,2,Mediocampista Box to Box
Nicolas Haas,2,Mediocampista Box to Box
Ola Solbakken,2,Mediocampista Box to Box
Szymon Żurkowski,3,Mediocampista Recuperador
Youssef Maleh,2,Mediocampista Box to Box
Amir Richardson,0,Mediocampista Goleador
Cher Ndour,0,Mediocampista Goleador
Danilo Cataldi,1,Mediocampista Lector de Juego
Edoardo Bove,2,Mediocampista Box to Box
Nicolò Fagioli,4,Mediocampista Pasador
Rolando Mandragora,0,Mediocampista Goleador
Sofyan Amrabat,3,Mediocampista Recuperador
Yacine Adli,4,Mediocampista Pasador
Emil Bohinen,0,Mediocampista Goleador
Fabio Miretti,2,Mediocampista Box to Box
Filippo Melegoni,5,Mediocampista Enganche
Jean Onana,2,Mediocampista Box to Box
Junior Messias,2,Mediocampista Box to Box
Lior Kasa,0,Mediocampista Goleador
Milan Badelj,1,Mediocampista Lector de Juego
Morten Frendrup,0,Mediocampista Goleador
Morten Thorsby,3,Mediocampista Recuperador
Patrizio Masini,2,Mediocampista Box to Box
Ruslan Malinovskyi,1,Mediocampista Lector de Juego
Abdou Harroui,3,Mediocampista Recuperador
Antoine Bernede,3,Mediocampista Recuperador
Cheikh Tidiane Niasse,2,Mediocampista Box to Box
Daniel Bandeira,1,Mediocampista Lector de Juego
Grigoris Kastanos,2,Mediocampista Box to Box
Ondrej Duda,1,Mediocampista Lector de Juego
Reda Belahyane,3,Mediocampista Recuperador
Suat Serdar,0,Mediocampista Goleador
Tomáš Suslov,0,Mediocampista Goleador
Davide Frattesi,2,Mediocampista Box to Box
Hakan Çalhanoğlu,4,Mediocampista Pasador
Henrikh Mkhitaryan,4,Mediocampista Pasador
Kristjan Asllani,4,Mediocampista Pasador
Nicolò Barella,4,Mediocampista Pasador
Piotr Zieliński,4,Mediocampista Pasador
Douglas Luiz,1,Mediocampista Lector de Juego
Khéphren Thuram,1,Mediocampista Lector de Juego
Manuel Locatelli,4,Mediocampista Pasador
Nicolò Fagioli,1,Mediocampista Lector de Juego
Teun Koopmeiners,0,Mediocampista Goleador
Weston McKennie,2,Mediocampista Box to Box
Boulaye Dia,2,Mediocampista Box to Box
Fisayo Dele-Bashiru,0,Mediocampista Goleador
Gaetano Castrovilli,1,Mediocampista Lector de Juego
Mattéo Guendouzi,4,Mediocampista Pasador
Matías Vecino,0,Mediocampista Goleador
Nicolò Rovella,4,Mediocampista Pasador
Reda Belahyane,3,Mediocampista Recuperador
Balthazar Pierret,0,Mediocampista Goleador
Hamza Rafia,1,Mediocampista Lector de Juego
Lassana Coulibaly,0,Mediocampista Goleador
Medon Berisha,1,Mediocampista Lector de Juego
Mohamed Kaba,3,Mediocampista Recuperador
Remi Oudin,2,Mediocampista Box to Box
Ylber Ramadani,2,Mediocampista Box to Box
Þórir Jóhann Helgason,3,Mediocampista Recuperador
Ismaël Bennacer,4,Mediocampista Pasador
João Félix,0,Mediocampista Goleador
Ruben Loftus-Cheek,0,Mediocampista Goleador
Tijjani Reijnders,0,Mediocampista Goleador
Warren Bondo,3,Mediocampista Recuperador
Youssouf Fofana,1,Mediocampista Lector de Juego
Yunus Musah,2,Mediocampista Box to Box
Alessandro Bianco,1,Mediocampista Lector de Juego
Daniel Maldini,2,Mediocampista Box to Box
Gaetano Castrovilli,0,Mediocampista Goleador
Gianluca Caprari,2,Mediocampista Box to Box
Jean-Daniel Akpa-Akpro,2,Mediocampista Box to Box
Kacper Urbanski,1,Mediocampista Lector de Juego
Kevin Martins,2,Mediocampista Box to Box
Kevin Zeroli,5,Mediocampista Enganche
Matteo Pessina,1,Mediocampista Lector de Juego
Omari Forson,0,Mediocampista Goleador
Patrick Ciurria,0,Mediocampista Goleador
Roberto Gagliardini,4,Mediocampista Pasador
Samuele Vignato,2,Mediocampista Box to Box
Stefano Sensi,1,Mediocampista Lector de Juego
Warren Bondo,2,Mediocampista Box to Box
Andre-Frank Zambo Anguissa,0,Mediocampista Goleador
Billy Gilmour,1,Mediocampista Lector de Juego
Philip Billing,0,Mediocampista Goleador
Scott McTominay,2,Mediocampista Box to Box
Stanislav Lobotka,1,Mediocampista Lector de Juego
Adrian Bernabe,4,Mediocampista Pasador
Drissa Camara,5,Mediocampista Enganche
Hernani,2,Mediocampista Box to Box
Jacob Ondrejka,3,Mediocampista Recuperador
Mandela Keita,2,Mediocampista Box to Box
Mohamed Haj,2,Mediocampista Box to Box
Nahuel Estévez,0,Mediocampista Goleador
Simon Sohm,0,Mediocampista Goleador
Bryan Cristante,1,Mediocampista Lector de Juego
Enzo Le Fée,4,Mediocampista Pasador
Leandro Paredes,4,Mediocampista Pasador
Lorenzo Pellegrini,0,Mediocampista Goleador
Lucas Gourna-Douath,0,Mediocampista Goleador
Manu Koné,0,Mediocampista Goleador
Matìas Soulé,1,Mediocampista Lector de Juego
Niccolò Pisilli,2,Mediocampista Box to Box
Tommaso Baldanzi,0,Mediocampista Goleador
Adrien Tameze,5,Mediocampista Enganche
Cesare Casadei,2,Mediocampista Box to Box
Gvidas Gineitis,2,Mediocampista Box to Box
Ivan Ilić,4,Mediocampista Pasador
Karol Linetty,2,Mediocampista Box to Box
Nikola Vlašić,0,Mediocampista Goleador
Samuele Ricci,2,Mediocampista Box to Box
Yann Karamoh,2,Mediocampista Box to Box
Arthur Atta,3,Mediocampista Recuperador
Brenner,0,Mediocampista Goleador
Jesper Karlström,1,Mediocampista Lector de Juego
Jurgen Ekkelenkamp,2,Mediocampista Box to Box
Martín Payero,2,Mediocampista Box to Box
Oier Zarraga,2,Mediocampista Box to Box
Sandi Lovrić,2,Mediocampista Box to Box
Simone Pafundi,4,Mediocampista Pasador
Alfred Duncan,0,Mediocampista Goleador
Cheick Oumar Conde,2,Mediocampista Box to Box
Domen Črnigoj,3,Mediocampista Recuperador
Gianluca Busio,2,Mediocampista Box to Box
Hans Nicolussi Caviglia,1,Mediocampista Lector de Juego
Issa Doumbia,2,Mediocampista Box to Box
Kike Pérez,1,Mediocampista Lector de Juego
Magnus Kofod Andersen,0,Mediocampista Goleador
