league,season,team,player,nation,position,age,born_year,90s,goals_against,penalty_allowed,goals_freekicks,goals_cornerkicks,own_goals,xG_post_shoot,xG_post_shoot_over_shoot_on_target,difference_xG_post_shoot_goals_against,difference_xG_post_shoot_goals_against_90s,passes_over_45m_completed,passes_over_45m_attempted,perc_passes_over_45m,passes_attempted,throws_attempted,Passes_Launch%,passes_avg_length,goal_kicks_attempted,perc_goal_kicks,goal_kicks_avg_length,opponent_crosses_attempted,opponent_crosses_stopped,perc_crosses_stopped,defensive_actions_outside_area,defensive_actions_outside_area_90s,avg_distance_goal_defensive_actions
Premier League,2425,Arsenal,David Raya,ESP,GK,29,1995,37.0,33,3,2,7,0,34.3,0.28,1.3,0.04,148,474,31.2,1247,174,30.0,29.8,146,68.5,49.3,394,51,12.9,65,1.76,17.2
Premier League,2425,Aston Villa,Emiliano Martínez,ARG,GK,32,1992,35.0,45,1,1,2,0,45.1,0.32,0.1,0.0,160,412,38.8,1187,130,26.2,30.3,170,59.4,46.4,491,55,11.2,34,0.97,13.7
Premier League,2425,Aston Villa,Robin Olsen,SWE,GK,35,1990,2.0,4,0,0,0,0,4.2,0.47,0.2,0.1,10,31,32.3,64,1,34.4,32.3,12,75.0,56.1,32,3,9.4,0,0.0,8.6
Premier League,2425,Bournemouth,Kepa Arrizabalaga,ESP,GK,30,1994,30.0,39,4,0,4,0,41.0,0.28,2.0,0.07,132,359,36.8,803,119,33.7,33.1,190,46.3,38.7,362,21,5.8,54,1.8,16.1
Premier League,2425,Bournemouth,Mark Travers,IRL,GK,26,1999,5.0,5,0,1,1,0,9.5,0.38,4.5,0.89,33,73,45.2,103,29,41.7,36.3,39,76.9,55.8,63,1,1.6,5,1.0,12.9
Premier League,2425,Bournemouth,Neto,BRA,GK,35,1989,2.0,2,0,0,0,0,4.3,0.35,2.3,1.17,9,27,33.3,46,7,43.5,36.8,15,46.7,38.9,30,2,6.7,3,1.5,12.6
Premier League,2425,Brentford,Hákon Rafn Valdimarsson,ISL,GK,23,2001,1.6,2,0,0,0,1,0.6,0.14,-0.4,-0.26,15,38,39.5,54,7,42.6,34.9,16,93.8,59.3,16,2,12.5,0,0.0,4.7
Premier League,2425,Brentford,Mark Flekken,NED,GK,31,1993,35.4,54,1,0,2,2,52.2,0.26,0.2,0.01,244,643,37.9,1459,119,34.0,34.5,204,72.1,54.4,568,45,7.9,34,0.96,11.5
Premier League,2425,Brighton,Bart Verbruggen,NED,GK,22,2002,35.0,57,8,1,4,2,49.4,0.31,-5.6,-0.16,120,380,31.6,1196,120,27.1,29.8,83,67.5,48.5,409,27,6.6,46,1.31,13.8
Premier League,2425,Brighton,Jason Steele,ENG,GK,34,1990,2.0,1,0,0,0,0,0.5,0.12,-0.5,-0.26,7,16,43.8,110,7,13.6,25.1,2,50.0,43.0,22,2,9.1,3,1.5,15.4
Premier League,2425,Chelsea,Filip Jørgensen,DEN,GK,23,2002,6.0,9,1,0,1,0,9.3,0.3,0.3,0.04,7,33,21.2,171,19,18.1,24.1,18,11.1,17.5,53,2,3.8,2,0.33,13.2
Premier League,2425,Chelsea,Robert Sánchez,ESP,GK,27,1997,31.0,34,4,0,4,0,35.6,0.25,1.6,0.05,97,404,24.0,1128,185,32.7,33.1,79,44.3,38.9,344,42,12.2,57,1.84,14.8
Premier League,2425,Crystal Palace,Dean Henderson,ENG,GK,28,1997,37.0,50,1,1,5,3,49.7,0.34,2.7,0.07,152,575,26.4,916,111,46.8,38.3,260,56.2,45.0,528,28,5.3,40,1.08,14.5
Premier League,2425,Everton,Jordan Pickford,ENG,GK,31,1994,37.0,44,0,1,6,0,47.1,0.3,3.1,0.08,291,772,37.7,1313,158,48.1,39.4,227,62.1,48.4,532,27,5.1,57,1.54,15.7
Premier League,2425,Fulham,Bernd Leno,GER,GK,33,1992,37.0,52,2,0,6,2,46.6,0.29,-3.4,-0.09,137,360,38.1,1197,163,22.9,29.0,169,50.9,41.8,493,21,4.3,32,0.86,13.4
Premier League,2425,Ipswich Town,Alex Palmer,ENG,GK,28,1996,13.0,30,1,0,9,2,25.1,0.35,-2.9,-0.22,71,186,38.2,329,55,36.8,33.9,94,69.1,50.8,249,20,8.0,13,1.0,11.5
Premier League,2425,Ipswich Town,Arijanet Muric,KVX,GK,26,1998,18.0,33,3,0,2,0,31.4,0.29,-1.6,-0.09,76,229,33.2,534,94,29.6,30.3,94,75.5,54.6,249,39,15.7,20,1.11,12.2
Premier League,2425,Ipswich Town,Christian Walton,ENG,GK,29,1995,6.0,16,2,0,0,0,15.0,0.41,-1.0,-0.17,38,108,35.2,176,27,45.5,35.2,50,56.0,43.8,105,11,10.5,1,0.17,7.6
Premier League,2425,Leicester City,Danny Ward,WAL,GK,31,1993,1.5,6,0,0,0,0,2.8,0.28,-3.2,-2.11,10,22,45.5,46,9,37.0,32.0,7,71.4,52.0,11,0,0.0,2,1.33,20.7
Premier League,2425,Leicester City,Jakub Stolarczyk,POL,GK,24,2000,9.0,14,0,0,1,0,13.3,0.36,-0.7,-0.07,53,165,32.1,288,34,44.4,33.2,51,72.5,50.1,155,9,5.8,8,0.89,12.7
Premier League,2425,Leicester City,Mads Hermansen,DEN,GK,24,2000,26.5,58,3,0,3,3,56.4,0.35,1.4,0.05,114,471,24.2,926,133,39.2,34.6,143,75.5,51.5,419,26,6.2,26,0.98,13.1
Premier League,2425,Liverpool,Alisson,BRA,GK,32,1992,26.9,28,1,0,2,2,28.2,0.29,2.2,0.08,66,198,33.3,841,118,20.2,26.7,75,37.3,33.5,250,11,4.4,46,1.71,15.8
Premier League,2425,Liverpool,Caoimhín Kelleher,IRL,GK,26,1998,10.0,12,0,0,1,0,11.6,0.3,-0.4,-0.04,29,115,25.2,364,49,28.6,29.0,18,61.1,42.8,113,6,5.3,9,0.9,14.0
Premier League,2425,Liverpool,Vitezslav Jaros,CZE,GK,23,2001,0.1,0,0,0,0,0,0.0,0.03,0.0,0.25,5,7,71.4,7,2,85.7,50.9,1,100.0,59.0,2,0,0.0,0,0.0,11.0
Premier League,2425,Manchester City,Ederson,BRA,GK,31,1993,24.8,26,2,0,3,1,28.7,0.37,3.7,0.15,69,159,43.4,811,99,17.5,27.9,73,23.3,32.0,217,13,6.0,45,1.82,17.5
Premier League,2425,Manchester City,Stefan Ortega,GER,GK,32,1992,12.2,18,2,1,1,1,16.3,0.31,-0.7,-0.06,40,104,38.5,409,55,21.5,26.7,49,32.7,28.2,133,6,4.5,12,0.98,14.3
Premier League,2425,Manchester Utd,Altay Bayındır,TUR,GK,27,1998,3.0,10,0,0,0,1,10.0,0.63,1.0,0.34,10,52,19.2,111,10,36.0,35.0,18,66.7,48.7,48,4,8.3,7,2.33,12.7
Premier League,2425,Manchester Utd,André Onana,CMR,GK,29,1996,34.0,44,3,1,10,1,44.0,0.31,1.0,0.03,118,440,26.8,1152,136,29.7,30.3,149,65.8,47.2,399,22,5.5,23,0.68,11.8
Premier League,2425,Newcastle Utd,Martin Dúbravka,SVK,GK,36,1989,10.0,12,0,0,1,0,12.9,0.32,0.9,0.09,18,80,22.5,273,54,15.8,25.2,59,62.7,45.4,127,10,7.9,11,1.1,15.3
Premier League,2425,Newcastle Utd,Nick Pope,ENG,GK,33,1992,27.0,34,1,0,3,2,33.7,0.28,1.7,0.06,71,252,28.2,575,183,26.3,30.8,177,57.1,44.3,351,38,10.8,61,2.26,15.9
Premier League,2425,Nott'ham Forest,Matz Sels,BEL,GK,33,1992,37.0,45,3,1,4,0,48.0,0.29,3.0,0.08,241,686,35.1,682,79,69.9,45.3,268,78.0,54.6,701,19,2.7,8,0.22,7.9
Premier League,2425,Southampton,Aaron Ramsdale,ENG,GK,27,1998,29.0,64,5,0,9,0,62.2,0.32,-1.8,-0.06,189,581,32.5,997,129,43.8,35.7,187,77.0,55.6,433,24,5.5,19,0.66,11.7
Premier League,2425,Southampton,Alex McCarthy,ENG,GK,35,1989,5.0,13,2,0,1,0,12.6,0.29,-0.4,-0.07,24,52,46.2,132,29,33.3,29.5,23,34.8,30.7,74,8,10.8,0,0.0,6.5
Premier League,2425,Southampton,Joe Lumley,ENG,GK,30,1995,3.0,7,0,0,1,0,7.7,0.39,0.7,0.22,15,50,30.0,135,14,34.1,30.0,15,26.7,24.0,56,2,3.6,7,2.33,18.0
Premier League,2425,Tottenham,Antonín Kinský,CZE,GK,22,2003,6.0,11,0,0,1,2,10.1,0.32,1.1,0.18,17,58,29.3,186,37,26.9,30.9,30,26.7,29.1,110,10,9.1,9,1.5,12.1
Premier League,2425,Tottenham,Brandon Austin,ENG,GK,26,1999,1.0,2,0,0,0,0,2.2,0.55,0.2,0.2,3,11,27.3,26,5,38.5,32.3,6,16.7,29.0,15,5,33.3,2,2.0,12.4
Premier League,2425,Tottenham,Fraser Forster,ENG,GK,37,1988,7.0,15,2,0,1,0,16.5,0.36,1.5,0.21,11,31,35.5,141,30,21.3,27.2,56,1.8,14.6,81,4,4.9,3,0.43,11.1
Premier League,2425,Tottenham,Guglielmo Vicario,ITA,GK,28,1996,23.0,33,0,0,4,2,33.3,0.36,2.3,0.1,25,89,28.1,778,117,10.2,22.6,63,15.9,23.1,286,29,10.1,31,1.35,13.4
Premier League,2425,West Ham,Alphonse Areola,FRA,GK,32,1993,25.1,41,0,0,5,3,35.4,0.31,-2.6,-0.1,135,384,35.2,788,119,34.4,32.1,196,57.7,42.9,394,15,3.8,30,1.19,15.0
Premier League,2425,West Ham,Łukasz Fabiański,POL,GK,40,1985,11.9,20,3,1,3,0,22.3,0.3,2.3,0.19,69,205,33.7,359,52,41.5,35.4,94,59.6,44.4,198,7,3.5,11,0.93,13.7
Premier League,2425,Wolves,Daniel Bentley,ENG,GK,31,1993,2.0,4,0,1,0,0,3.9,0.33,-0.1,-0.04,7,21,33.3,52,6,25.0,28.1,13,61.5,46.4,25,0,0.0,3,1.5,16.4
Premier League,2425,Wolves,José Sá,POR,GK,32,1993,28.0,47,5,1,6,2,40.9,0.34,-4.1,-0.15,90,366,24.6,736,111,39.1,35.2,148,52.7,41.5,422,30,7.1,43,1.54,15.7
Premier League,2425,Wolves,Sam Johnstone,ENG,GK,32,1993,7.0,17,2,0,5,1,13.0,0.29,-3.0,-0.43,52,129,40.3,252,28,45.6,36.6,25,56.0,43.2,104,8,7.7,11,1.57,13.4
La Liga,2425,Alavés,Adrian Rodriguez,ESP,GK,24,2000,1.4,2,1,0,0,0,1.5,0.13,-0.5,-0.36,18,48,37.5,26,0,92.3,56.3,24,100.0,67.4,33,0,0.0,0,0.0,9.8
La Liga,2425,Alavés,Antonio Sivera,ESP,GK,28,1996,30.2,38,9,2,2,2,38.1,0.29,2.1,0.07,280,694,40.3,716,69,71.6,47.6,214,84.6,60.0,428,30,7.0,29,0.96,12.9
La Liga,2425,Alavés,Jesús Owono,EQG,GK,24,2001,5.4,7,1,0,2,0,5.4,0.37,-1.6,-0.29,46,105,43.8,126,12,55.6,43.0,36,97.2,67.5,66,6,9.1,2,0.37,8.9
La Liga,2425,Athletic Club,Alex Padilla,ESP,GK,21,2003,3.6,6,1,0,1,1,4.8,0.26,-0.2,-0.06,27,78,34.6,98,15,58.2,41.5,22,95.5,64.5,57,2,3.5,3,0.84,13.4
La Liga,2425,Athletic Club,Julen Agirrezabala,ESP,GK,24,2000,13.4,9,1,2,1,0,10.5,0.27,1.5,0.11,57,178,32.0,341,51,37.5,33.9,66,75.8,54.9,143,20,14.0,17,1.27,14.2
La Liga,2425,Athletic Club,Unai Simón,ESP,GK,27,1997,20.0,11,0,0,1,0,13.9,0.23,2.9,0.15,98,266,36.8,515,87,35.1,34.1,111,76.6,57.8,239,19,7.9,27,1.35,15.7
La Liga,2425,Atlético Madrid,Jan Oblak,SVN,GK,32,1993,36.0,30,5,1,3,2,25.6,0.19,-2.4,-0.07,109,277,39.4,670,183,24.3,30.2,277,41.2,36.7,488,28,5.7,28,0.78,14.0
La Liga,2425,Atlético Madrid,Juan Musso,ARG,GK,31,1994,1.0,0,0,0,0,0,0.1,0.08,0.1,0.08,0,5,0.0,17,5,17.6,26.6,11,18.2,24.6,10,1,10.0,0,0.0,13.5
La Liga,2425,Barcelona,Iñaki Peña,ESP,GK,26,1999,14.5,18,2,0,1,0,16.6,0.29,-1.4,-0.1,21,75,28.0,511,74,11.0,25.0,77,24.7,31.1,135,3,2.2,89,6.13,23.8
La Liga,2425,Barcelona,Marc-André ter Stegen,GER,GK,33,1992,7.5,9,1,0,1,0,6.4,0.26,-2.6,-0.34,15,31,48.4,224,40,12.1,26.5,27,14.8,32.0,83,5,6.0,13,1.74,17.0
La Liga,2425,Barcelona,Wojciech Szczęsny,POL,GK,35,1990,15.0,12,1,0,1,0,12.0,0.35,0.0,0.0,24,63,38.1,398,61,12.3,25.1,54,25.9,31.0,130,7,5.4,56,3.73,20.2
La Liga,2425,Betis,Adrián,ESP,GK,38,1987,19.0,27,1,2,5,0,26.0,0.33,-1.0,-0.05,58,178,32.6,507,91,28.0,31.2,109,33.0,33.8,257,14,5.4,16,0.84,11.7
La Liga,2425,Betis,Fran Vieites,ESP,GK,26,1999,4.0,5,0,0,0,0,4.7,0.42,-0.3,-0.09,12,54,22.2,90,16,40.0,38.0,29,62.1,46.4,65,6,9.2,4,1.0,12.8
La Liga,2425,Betis,Rui Silva,POR,GK,31,1994,15.0,18,3,0,3,1,18.4,0.3,1.4,0.1,45,144,31.3,446,70,26.0,30.8,76,36.8,35.9,194,10,5.2,31,2.07,18.9
La Liga,2425,Celta Vigo,Iván Villar,ESP,GK,27,1997,4.0,9,0,0,3,2,8.2,0.4,1.2,0.3,3,22,13.6,82,15,14.6,24.0,35,28.6,26.9,65,1,1.5,5,1.25,14.8
La Liga,2425,Celta Vigo,Vicente Guaita,ESP,GK,38,1987,33.0,47,3,0,6,0,40.3,0.3,-6.7,-0.2,65,217,30.0,716,187,18.6,27.3,228,36.8,35.5,430,25,5.8,42,1.27,14.0
La Liga,2425,Espanyol,Joan García,ESP,GK,24,2001,37.0,51,4,2,6,1,57.1,0.28,7.1,0.19,188,512,36.7,1006,191,37.7,34.7,212,62.7,48.6,655,61,9.3,35,0.95,12.0
La Liga,2425,Getafe,David Soria,ESP,GK,32,1993,37.0,37,8,0,5,0,39.5,0.29,2.5,0.07,292,774,37.7,695,66,72.7,48.7,296,90.9,61.2,463,21,4.5,37,1.0,14.7
La Liga,2425,Girona,Krapyvtsov Vladyslav,UKR,GK,19,2005,1.0,3,1,0,1,0,2.4,0.22,-0.6,-0.62,4,11,36.4,32,5,31.3,38.0,4,25.0,35.8,19,0,0.0,1,1.0,16.8
La Liga,2425,Girona,Pau López,ESP,GK,30,1994,0.5,2,0,0,0,0,1.3,0.44,-0.7,-1.33,4,9,44.4,17,2,35.3,35.8,7,42.9,38.7,17,3,17.6,1,2.0,9.8
La Liga,2425,Girona,Paulo Gazzaniga,ARG,GK,33,1992,35.5,51,2,1,5,1,45.4,0.29,-4.6,-0.13,93,298,31.2,1026,137,21.6,29.4,180,42.2,40.0,419,36,8.6,33,0.93,12.6
La Liga,2425,Las Palmas,Dinko Horkaš,CRO,GK,26,1999,11.1,17,0,0,0,1,17.7,0.34,1.7,0.15,64,165,38.8,441,45,32.2,32.6,45,51.1,43.4,132,7,5.3,16,1.45,16.5
La Liga,2425,Las Palmas,Jasper Cillessen,NED,GK,36,1989,25.9,42,4,0,4,2,44.3,0.3,4.3,0.16,124,409,30.3,820,142,39.5,34.5,179,47.5,43.1,413,13,3.1,20,0.77,14.5
La Liga,2425,Leganés,Juan Soriano,ESP,GK,27,1997,6.0,7,0,0,1,1,8.8,0.36,2.8,0.47,36,120,30.0,131,20,56.5,43.9,54,85.2,62.8,130,7,5.4,0,0.0,8.4
La Liga,2425,Leganés,Marko Dmitrović,SRB,GK,33,1992,31.0,49,7,1,9,2,49.6,0.3,2.6,0.08,194,748,25.9,714,105,66.1,47.5,299,92.3,66.2,571,47,8.2,51,1.65,14.5
La Liga,2425,Mallorca,Dominik Greif,SVK,GK,28,1997,30.0,34,2,0,3,1,32.2,0.29,-0.8,-0.03,181,452,40.0,823,122,41.3,36.0,184,60.9,47.5,493,15,3.0,20,0.67,13.0
La Liga,2425,Mallorca,Leo Román,ESP,GK,24,2000,7.0,10,1,0,1,0,13.5,0.26,3.5,0.5,48,139,34.5,188,18,53.2,41.8,52,75.0,57.5,127,8,6.3,6,0.86,11.2
La Liga,2425,Osasuna,Aitor Fernández,ESP,GK,34,1991,1.0,0,0,0,0,0,1.2,0.23,1.2,1.15,19,35,54.3,34,4,70.6,44.4,11,100.0,59.9,14,1,7.1,1,1.0,10.6
La Liga,2425,Osasuna,Sergio Herrera,ESP,GK,31,1993,36.0,51,6,1,4,1,54.7,0.28,4.7,0.13,270,599,45.1,942,135,43.3,37.7,268,71.3,50.7,513,32,6.2,79,2.19,19.1
La Liga,2425,Rayo Vallecano,Augusto Batalla,ARG,GK,29,1996,31.0,39,6,0,6,1,38.9,0.25,0.9,0.03,175,522,33.5,953,120,42.9,38.5,181,62.4,50.5,442,34,7.7,32,1.03,13.6
La Liga,2425,Rayo Vallecano,Cárdenas,ESP,GK,28,1997,6.0,6,0,0,0,0,5.6,0.29,-0.4,-0.06,26,106,24.5,132,21,56.8,44.3,46,67.4,51.9,79,2,2.5,1,0.17,10.2
La Liga,2425,Real Madrid,Andriy Lunin,UKR,GK,26,1999,6.0,7,0,0,0,0,6.0,0.32,-1.0,-0.16,20,39,51.3,146,27,19.9,27.1,36,27.8,32.8,54,2,3.7,9,1.5,13.5
La Liga,2425,Real Madrid,Fran,ESP,GK,19,2005,1.0,2,0,0,1,0,0.9,0.43,-1.1,-1.14,1,2,50.0,16,3,12.5,24.0,4,0.0,14.8,5,1,20.0,1,1.0,12.0
La Liga,2425,Real Madrid,Thibaut Courtois,BEL,GK,33,1992,30.0,29,3,0,6,1,28.7,0.27,0.7,0.02,62,214,29.0,871,173,18.5,28.2,148,35.8,39.1,350,16,4.6,14,0.47,10.7
La Liga,2425,Real Sociedad,Unai Marrero,ESP,GK,23,2001,1.0,1,0,0,0,0,1.1,0.28,0.1,0.13,4,10,40.0,21,5,33.3,31.2,8,37.5,33.5,10,1,10.0,3,3.0,23.0
La Liga,2425,Real Sociedad,Álex Remiro,ESP,GK,30,1995,36.0,43,5,0,5,0,38.0,0.26,-5.0,-0.14,180,477,37.7,1053,111,31.4,32.6,234,62.4,48.9,446,29,6.5,40,1.11,14.4
La Liga,2425,Sevilla,Álvaro Fernández,ESP,GK,27,1998,7.3,12,2,0,1,0,8.4,0.22,-3.6,-0.49,37,138,26.8,254,24,42.1,35.1,38,81.6,54.5,97,5,5.2,14,1.92,17.5
La Liga,2425,Sevilla,Ørjan Nyland,NOR,GK,34,1990,29.7,39,3,3,3,1,37.1,0.31,-0.9,-0.03,118,445,26.5,836,114,42.1,37.2,166,56.0,46.0,408,20,4.9,29,0.98,13.8
La Liga,2425,Valencia,Giorgi Mamardashvili,GEO,GK,24,2000,34.0,48,5,0,4,3,46.0,0.3,1.0,0.03,141,449,31.4,859,134,36.0,34.5,219,63.9,49.6,472,33,7.0,38,1.12,14.3
La Liga,2425,Valencia,Stole Dimitrievski,MKD,GK,31,1993,4.0,6,1,0,0,0,4.5,0.29,-1.5,-0.38,15,72,20.8,113,25,49.6,40.5,20,80.0,53.6,51,3,5.9,16,4.0,25.7
La Liga,2425,Valladolid,André Ferreira,POR,GK,28,1996,6.0,20,3,0,1,0,15.3,0.35,-4.7,-0.79,30,83,36.1,138,26,37.0,33.8,56,57.1,41.7,92,4,4.3,3,0.5,10.4
La Liga,2425,Valladolid,Arnau Rafús,ESP,GK,22,2003,1.0,2,0,1,0,0,0.5,0.23,-1.5,-1.53,7,15,46.7,38,5,34.2,34.9,5,40.0,39.0,14,1,7.1,1,1.0,11.4
La Liga,2425,Valladolid,Karl Jakob Hein,EST,GK,23,2002,30.0,65,4,1,4,1,55.9,0.34,-8.1,-0.27,160,442,36.2,917,134,32.7,34.0,218,65.1,51.9,467,34,7.3,34,1.13,14.1
La Liga,2425,Villarreal,Diego Conde,ESP,GK,26,1998,20.8,31,3,1,6,1,24.1,0.25,-5.9,-0.29,60,159,37.7,509,105,23.4,28.5,96,41.7,37.7,309,18,5.8,14,0.67,11.6
La Liga,2425,Villarreal,Luiz Lúcio Reis Júnior,BRA,GK,24,2001,16.2,18,4,1,0,0,18.1,0.23,0.1,0.0,61,178,34.3,392,96,31.9,31.6,99,53.5,43.6,256,16,6.3,20,1.23,12.2
Ligue 1,2425,Angers,Melvin Zinga,FRA,GK,23,2002,1.0,2,1,0,0,0,2.4,0.41,0.4,0.4,2,11,18.2,22,4,40.9,39.0,11,18.2,25.6,20,1,5.0,2,2.0,16.8
Ligue 1,2425,Angers,Yahia Fofana,CIV,GK,24,2000,33.0,51,3,0,7,0,63.5,0.34,12.5,0.38,144,435,33.1,751,180,38.6,35.8,261,55.6,43.6,531,48,9.0,20,0.61,10.7
Ligue 1,2425,Auxerre,Donovan Léon,GUF,GK,32,1992,32.0,48,5,0,7,3,55.8,0.32,10.8,0.34,213,649,32.8,935,173,53.0,42.0,195,78.5,56.4,518,28,5.4,39,1.22,14.6
Ligue 1,2425,Auxerre,Théo De Percin,MTQ,GK,24,2001,2.0,3,1,0,0,0,3.5,0.22,0.5,0.23,8,31,25.8,46,5,45.7,40.3,12,83.3,55.3,38,3,7.9,3,1.5,13.1
Ligue 1,2425,Brest,Grégoire Coudert,FRA,GK,26,1999,2.0,5,0,0,1,1,2.8,0.22,-1.2,-0.6,6,20,30.0,60,7,28.3,31.4,8,37.5,36.5,30,1,3.3,3,1.5,18.5
Ligue 1,2425,Brest,Marco Bizot,NED,GK,34,1991,32.0,54,8,1,4,1,46.2,0.31,-6.8,-0.21,218,522,41.8,902,134,42.0,36.0,216,66.2,49.2,459,33,7.2,53,1.66,16.2
Ligue 1,2425,Le Havre,Arthur Desmas,FRA,GK,31,1994,18.0,38,2,1,4,0,38.7,0.4,0.7,0.04,56,151,37.1,404,72,28.5,30.9,117,30.8,29.6,277,12,4.3,7,0.39,11.9
Ligue 1,2425,Le Havre,Mathieu Gorgelin,FRA,GK,34,1990,16.0,33,3,0,4,1,34.2,0.4,2.2,0.14,79,183,43.2,435,75,32.9,32.4,99,40.4,34.6,269,21,7.8,8,0.5,10.5
Ligue 1,2425,Lens,Brice Samba,FRA,GK,31,1994,15.0,14,4,2,3,0,17.5,0.26,3.5,0.23,82,163,50.3,435,61,29.7,30.5,76,44.7,36.1,152,17,11.2,22,1.47,16.1
Ligue 1,2425,Lens,Hervé Koffi,BFA,GK,28,1996,5.0,8,2,0,1,0,11.1,0.38,3.1,0.61,14,42,33.3,115,22,29.6,33.2,19,42.1,36.4,53,4,7.5,2,0.4,9.4
Ligue 1,2425,Lens,Mathew Ryan,AUS,GK,33,1992,14.0,17,2,0,0,0,19.5,0.28,2.5,0.18,46,135,34.1,342,79,31.3,32.3,66,42.4,35.3,176,20,11.4,10,0.71,11.6
Ligue 1,2425,Lille,Lucas Chevalier,FRA,GK,23,2001,34.0,36,4,0,6,1,42.2,0.32,7.2,0.21,112,288,38.9,968,144,25.7,29.6,112,34.8,35.7,373,21,5.6,24,0.71,13.9
Ligue 1,2425,Lyon,Lucas Perri,BRA,GK,27,1997,33.0,44,3,1,6,0,47.8,0.29,3.8,0.12,101,310,32.6,884,183,28.1,30.5,152,40.8,37.6,415,26,6.3,29,0.88,13.5
Ligue 1,2425,Lyon,Rémy Descamps,FRA,GK,28,1996,1.0,2,0,0,0,0,1.4,0.23,-0.6,-0.62,1,4,25.0,28,2,14.3,27.5,2,0.0,16.0,7,0,0.0,0,0.0,7.0
Ligue 1,2425,Marseille,Gerónimo Rulli,ARG,GK,33,1992,34.0,47,3,1,4,2,47.5,0.33,2.5,0.07,92,202,45.5,1097,133,15.0,24.4,105,35.2,32.7,309,28,9.1,59,1.74,18.3
Ligue 1,2425,Monaco,Philipp Köhn,SUI,GK,27,1998,19.0,19,1,0,2,0,17.2,0.26,-1.8,-0.1,50,157,31.8,447,70,25.7,29.9,99,42.4,38.1,225,16,7.1,20,1.05,14.8
Ligue 1,2425,Monaco,Radosław Majecki,POL,GK,25,1999,15.0,22,2,1,1,0,21.1,0.31,-0.9,-0.06,27,112,24.1,320,76,26.6,30.5,87,31.0,32.8,154,14,9.1,18,1.2,14.0
Ligue 1,2425,Montpellier,Benjamin Lecomte,FRA,GK,34,1991,30.0,68,6,0,5,3,57.3,0.31,-5.7,-0.2,177,449,39.4,814,115,42.5,36.2,184,56.0,42.4,408,20,4.9,26,0.9,14.3
Ligue 1,2425,Montpellier,Dimitry Bertaud,COD,GK,26,1998,4.0,11,2,0,0,0,8.8,0.35,-2.2,-0.54,20,47,42.6,86,19,38.4,34.5,27,51.9,43.6,55,8,14.5,3,0.75,13.3
Ligue 1,2425,Nantes,Alban Lafont,FRA,GK,26,1999,12.0,19,3,0,2,2,16.8,0.3,-0.2,-0.02,40,143,28.0,309,56,34.0,34.9,57,66.7,51.1,200,16,8.0,6,0.5,10.6
Ligue 1,2425,Nantes,Anthony Lopes,POR,GK,34,1990,17.4,26,4,0,1,1,25.6,0.32,0.6,0.03,89,257,34.6,451,56,40.4,35.8,96,78.1,49.4,308,16,5.2,8,0.46,11.0
Ligue 1,2425,Nantes,Patrik Carlgren,SWE,GK,33,1992,4.6,7,0,0,1,0,8.5,0.3,1.5,0.31,22,63,34.9,99,27,36.4,34.4,37,73.0,48.6,80,1,1.3,1,0.22,10.9
Ligue 1,2425,Nice,Marcin Bułka,POL,GK,25,1999,34.0,41,2,0,4,1,43.0,0.26,3.0,0.09,112,272,41.2,948,173,22.8,28.6,162,34.6,32.3,470,39,8.3,33,0.97,12.8
Ligue 1,2425,Paris S-G,Arnau Tenas,ESP,GK,23,2001,1.0,1,0,0,0,0,1.5,0.37,0.5,0.46,3,4,75.0,30,4,13.3,25.4,2,0.0,21.5,5,1,20.0,1,1.0,15.6
Ligue 1,2425,Paris S-G,Gianluigi Donnarumma,ITA,GK,26,1999,23.2,25,1,1,4,0,21.7,0.29,-3.3,-0.14,35,101,34.7,543,90,13.6,25.1,89,30.3,28.2,199,10,5.0,19,0.82,14.4
Ligue 1,2425,Paris S-G,Matvei Safonov,RUS,GK,26,1999,9.8,9,2,0,2,1,7.2,0.26,-0.8,-0.08,36,83,43.4,262,46,26.3,29.1,48,29.2,28.8,94,5,5.3,14,1.43,18.0
Ligue 1,2425,Reims,Yehvann Diouf,FRA,GK,25,1999,34.0,47,4,1,8,0,61.6,0.33,14.6,0.43,154,477,32.3,993,153,34.4,33.3,220,61.4,45.0,554,31,5.6,42,1.24,14.6
Ligue 1,2425,Rennes,Brice Samba,FRA,GK,31,1994,17.0,27,1,1,4,0,29.2,0.32,2.2,0.13,58,178,32.6,569,64,24.4,29.7,102,38.2,33.3,225,16,7.1,15,0.88,13.2
Ligue 1,2425,Rennes,Gauthier Gallon,FRA,GK,32,1993,0.5,0,0,0,0,0,0.0,0.0,0.0,0.0,0,3,0.0,15,2,13.3,23.8,4,25.0,26.3,2,0,0.0,1,2.0,28.0
Ligue 1,2425,Rennes,Steve Mandanda,FRA,GK,40,1985,16.5,23,2,0,2,2,17.0,0.29,-4.0,-0.24,61,180,33.9,426,66,33.6,32.7,73,50.7,41.6,175,7,4.0,21,1.27,15.7
Ligue 1,2425,Saint-Étienne,Gautier Larsonneur,FRA,GK,28,1997,34.0,77,13,0,4,2,73.5,0.3,-1.5,-0.04,131,486,27.0,978,145,38.8,34.7,205,52.2,40.5,510,24,4.7,33,1.0,14.0
Ligue 1,2425,Strasbourg,Karl-Johan Johnsson,SWE,GK,35,1990,3.0,6,1,0,0,0,6.7,0.26,0.7,0.22,6,22,27.3,122,21,15.6,23.9,7,42.9,39.7,48,2,4.2,3,1.0,11.1
Ligue 1,2425,Strasbourg,Đorđe Petrović,SRB,GK,25,1999,31.0,38,7,0,3,2,45.9,0.27,9.9,0.32,117,361,32.4,1438,127,20.9,27.4,107,56.1,45.6,491,41,8.4,47,1.52,15.2
Ligue 1,2425,Toulouse,Guillaume Restes,FRA,GK,20,2005,28.3,36,1,1,3,3,27.9,0.29,-5.1,-0.18,80,286,28.0,675,83,30.8,30.3,135,57.8,42.8,360,5,1.4,34,1.2,16.9
Ligue 1,2425,Toulouse,Kjetil Haug,NOR,GK,26,1998,5.5,7,0,0,2,0,6.6,0.45,-0.4,-0.06,16,60,26.7,95,13,37.9,34.1,35,68.6,49.1,72,5,6.9,3,0.54,12.1
Ligue 1,2425,Toulouse,Álex Domínguez,ESP,GK,26,1998,0.2,0,0,0,0,0,0.0,0.0,0.0,0.0,2,5,40.0,8,1,25.0,30.0,3,100.0,69.3,7,0,0.0,0,0.0,0.0
Bundesliga,2425,Augsburg,Finn Dahmen,GER,GK,27,1998,19.0,19,2,0,3,2,24.2,0.29,7.2,0.38,129,341,37.8,614,51,38.6,34.9,145,71.7,53.2,337,9,2.7,26,1.37,14.7
Bundesliga,2425,Augsburg,Nediljko Labrović,CRO,GK,25,1999,15.0,32,3,1,2,0,25.9,0.32,-6.1,-0.4,83,220,37.7,397,72,38.8,35.2,105,62.9,47.4,217,12,5.5,18,1.2,13.3
Bundesliga,2425,Bayern Munich,Daniel Peretz,ISR,GK,24,2000,3.0,5,0,0,0,0,4.0,0.58,-1.0,-0.32,5,25,20.0,96,5,25.0,29.5,7,14.3,29.6,17,0,0.0,8,2.67,21.2
Bundesliga,2425,Bayern Munich,Jonas Urbig,GER,GK,21,2003,8.0,12,0,0,2,0,10.3,0.38,-1.7,-0.21,30,79,38.0,263,33,26.2,30.9,23,43.5,43.1,81,5,6.2,21,2.63,17.4
Bundesliga,2425,Bayern Munich,Manuel Neuer,GER,GK,39,1986,22.0,15,1,0,2,0,15.0,0.33,0.0,0.0,92,194,47.4,867,81,20.0,27.7,56,37.5,37.3,162,6,3.7,40,1.82,19.6
Bundesliga,2425,Bayern Munich,Sven Ulreich,GER,GK,36,1988,1.0,0,0,0,0,0,0.0,0.0,0.0,0.0,3,8,37.5,29,4,27.6,28.2,1,0.0,9.0,7,1,14.3,1,1.0,12.3
Bundesliga,2425,Bochum,Patrick Drewes,GER,GK,32,1993,21.0,46,3,2,4,0,42.3,0.38,-3.7,-0.18,218,484,45.0,681,65,50.1,37.6,177,80.8,52.6,285,12,4.2,33,1.57,15.8
Bundesliga,2425,Bochum,Timo Horn,GER,GK,32,1993,13.0,22,0,1,3,0,18.5,0.35,-3.5,-0.27,129,332,38.9,400,29,60.8,43.6,98,90.8,61.8,182,6,3.3,18,1.38,14.8
Bundesliga,2425,Dortmund,Alexander Meyer,GER,GK,34,1991,2.0,4,0,0,0,0,4.0,0.36,0.0,0.0,8,33,24.2,76,3,35.5,34.8,7,85.7,63.6,24,1,4.2,2,1.0,14.8
Bundesliga,2425,Dortmund,Gregor Kobel,SUI,GK,27,1997,32.0,47,4,0,5,1,47.4,0.35,1.4,0.04,112,336,33.3,1117,126,23.7,28.6,121,58.7,45.3,420,22,5.2,47,1.47,15.7
Bundesliga,2425,Eint Frankfurt,Kauã Santos,BRA,GK,22,2003,8.5,12,1,0,4,1,14.3,0.3,3.3,0.39,40,116,34.5,248,34,37.1,33.2,44,54.5,42.9,137,16,11.7,18,2.12,14.0
Bundesliga,2425,Eint Frankfurt,Kevin Trapp,GER,GK,34,1990,25.5,34,0,0,6,1,34.9,0.3,1.9,0.08,89,312,28.5,813,123,31.7,29.9,130,41.5,36.9,394,24,6.1,28,1.1,13.6
Bundesliga,2425,Freiburg,Florian Müller,GER,GK,27,1997,8.4,16,2,0,3,1,11.6,0.35,-3.4,-0.41,54,166,32.5,267,28,44.9,37.1,57,80.7,57.7,104,6,5.8,9,1.08,13.4
Bundesliga,2425,Freiburg,Noah Atubolu,GER,GK,22,2002,25.6,37,0,1,3,0,37.0,0.3,0.0,0.0,159,414,38.4,1012,110,32.4,33.1,126,68.3,51.5,377,34,9.0,28,1.09,12.7
Bundesliga,2425,Gladbach,Jonas Omlin,SUI,GK,31,1994,10.9,26,2,1,6,0,23.8,0.31,-2.2,-0.2,68,190,35.8,453,46,34.9,32.7,57,56.1,44.2,166,3,1.8,13,1.2,15.1
Bundesliga,2425,Gladbach,Moritz Nicolas,GER,GK,27,1997,18.2,25,5,0,1,2,29.9,0.29,6.9,0.38,95,199,47.7,734,88,23.3,28.2,60,46.7,39.8,319,18,5.6,14,0.77,12.0
Bundesliga,2425,Gladbach,Tiago Cardoso,LUX,GK,19,2006,4.2,3,0,0,0,0,4.7,0.2,1.7,0.39,23,62,37.1,148,22,27.0,29.2,31,71.0,48.9,96,14,14.6,1,0.24,5.6
Bundesliga,2425,Gladbach,Tobias Sippel,GER,GK,37,1988,0.7,3,0,0,1,0,1.2,0.3,-1.8,-2.72,9,22,40.9,22,2,45.5,39.2,12,100.0,69.2,13,0,0.0,0,0.0,2.0
Bundesliga,2425,Heidenheim,Frank Feller,GER,GK,21,2004,1.3,0,0,0,0,0,0.3,0.16,0.3,0.24,10,34,29.4,54,7,42.6,38.0,11,100.0,68.4,25,1,4.0,1,0.74,14.8
Bundesliga,2425,Heidenheim,Kevin Müller,GER,GK,34,1991,32.7,64,6,0,7,0,59.3,0.33,-4.7,-0.14,152,428,35.5,1031,153,31.4,33.8,271,38.4,38.3,453,21,4.6,20,0.61,12.0
Bundesliga,2425,Hoffenheim,Luca Philipp,GER,GK,24,2000,6.0,15,1,0,2,1,12.3,0.34,-1.7,-0.28,30,97,30.9,157,22,51.0,38.7,36,47.2,40.6,84,3,3.6,4,0.67,12.8
Bundesliga,2425,Hoffenheim,Oliver Baumann,GER,GK,34,1990,28.0,53,2,1,7,2,52.1,0.36,1.1,0.04,178,478,37.2,923,121,41.6,36.5,136,69.1,50.8,407,18,4.4,31,1.11,14.5
Bundesliga,2425,Holstein Kiel,Thomas Dähne,GER,GK,31,1994,9.0,19,2,1,1,1,18.5,0.3,0.5,0.06,47,133,35.3,304,55,25.7,30.3,91,60.4,45.6,177,15,8.5,5,0.56,9.3
Bundesliga,2425,Holstein Kiel,Timon Weiner,GER,GK,26,1999,25.0,61,4,2,5,2,47.2,0.32,-11.8,-0.47,167,444,37.6,789,116,40.2,34.5,198,64.1,48.4,491,27,5.5,18,0.72,11.1
Bundesliga,2425,Leverkusen,Lukáš Hrádecký,FIN,GK,35,1989,29.0,38,4,1,2,3,35.8,0.28,0.8,0.03,123,306,40.2,774,110,30.9,31.5,135,49.6,40.8,296,12,4.1,39,1.34,17.3
Bundesliga,2425,Leverkusen,Matej Kovar,CZE,GK,25,2000,5.0,5,0,0,0,1,3.5,0.22,-0.5,-0.09,12,32,37.5,131,16,21.4,27.9,15,26.7,27.7,52,2,3.8,6,1.2,16.9
Bundesliga,2425,Mainz 05,Lasse Rieß,GER,GK,23,2001,2.0,2,0,0,0,0,2.2,0.27,0.2,0.09,13,43,30.2,72,7,51.4,41.6,12,50.0,45.6,23,2,8.7,8,4.0,18.0
Bundesliga,2425,Mainz 05,Robin Zentner,GER,GK,30,1994,32.0,41,4,2,9,0,45.0,0.29,4.0,0.12,175,567,30.9,977,132,46.2,38.7,179,64.8,52.1,524,45,8.6,58,1.81,14.0
Bundesliga,2425,RB Leipzig,Maarten Vandevoordt,BEL,GK,23,2002,4.8,9,0,0,4,0,7.3,0.36,-1.7,-0.35,19,52,36.5,139,27,23.0,29.4,35,57.1,46.0,78,7,9.0,11,2.31,16.1
Bundesliga,2425,RB Leipzig,Péter Gulácsi,HUN,GK,35,1990,29.2,39,2,1,4,0,42.6,0.3,3.6,0.12,79,209,37.8,705,140,20.3,28.6,196,33.7,34.3,434,23,5.3,34,1.16,14.8
Bundesliga,2425,St. Pauli,Ben Alexander Voll,GER,GK,24,2000,1.0,2,0,0,0,0,2.4,0.48,0.4,0.41,7,28,25.0,37,5,59.5,44.7,13,46.2,39.7,15,0,0.0,0,0.0,0.0
Bundesliga,2425,St. Pauli,Nikola Vasilj,BIH,GK,29,1995,33.0,39,1,0,5,1,47.4,0.32,9.4,0.29,164,493,33.3,1267,107,34.2,32.7,134,44.8,38.0,411,24,5.8,27,0.82,12.8
Bundesliga,2425,Stuttgart,Alexander Nübel,GER,GK,28,1996,34.0,53,2,1,7,1,44.8,0.32,-7.2,-0.21,157,410,38.3,1183,137,30.1,30.7,122,44.3,39.5,415,21,5.1,57,1.68,17.6
Bundesliga,2425,Union Berlin,Alexander Schwolow,GER,GK,32,1992,6.0,13,1,0,0,0,9.7,0.32,-3.3,-0.55,28,73,38.4,166,26,31.3,31.0,40,52.5,42.6,85,0,0.0,4,0.67,14.2
Bundesliga,2425,Union Berlin,Frederik Rønnow,DEN,GK,32,1992,28.0,37,1,1,1,1,39.3,0.32,3.3,0.12,143,395,36.2,734,135,36.6,34.3,161,78.3,54.3,483,40,8.3,35,1.25,13.4
Bundesliga,2425,Werder Bremen,Michael Zetterer,GER,GK,29,1995,34.0,57,3,2,4,3,52.9,0.33,-1.1,-0.03,134,370,36.2,1204,188,27.7,31.9,107,33.6,36.8,464,35,7.5,34,1.0,13.5
Bundesliga,2425,Wolfsburg,Kamil Grabara,POL,GK,26,1999,28.7,49,2,0,9,1,49.7,0.35,1.7,0.06,186,511,36.4,979,114,41.7,36.7,154,66.9,51.9,413,15,3.6,19,0.66,12.2
Bundesliga,2425,Wolfsburg,Marius Müller,GER,GK,31,1993,5.3,5,0,0,2,0,7.6,0.33,2.6,0.49,37,97,38.1,184,29,39.1,36.6,34,73.5,51.4,99,9,9.1,3,0.57,11.7
Serie A,2425,Atalanta,Juan Musso,ARG,GK,31,1994,1.0,0,0,0,0,0,0.7,0.19,0.7,0.74,4,20,20.0,19,4,36.8,33.1,14,92.9,56.9,15,0,0.0,1,1.0,17.5
Serie A,2425,Atalanta,Marco Carnesecchi,ITA,GK,24,2000,33.0,31,2,0,4,2,33.1,0.28,4.1,0.12,118,359,32.9,854,172,27.8,32.2,191,63.9,48.6,305,21,6.9,45,1.36,14.6
Serie A,2425,Atalanta,Rui Patrício,POR,GK,37,1988,3.0,3,0,0,0,0,4.2,0.34,1.2,0.41,8,19,42.1,83,12,18.1,27.6,18,22.2,32.1,29,0,0.0,10,3.33,23.1
Serie A,2425,Bologna,Federico Ravaglia,ITA,GK,25,1999,10.7,11,1,0,1,0,9.6,0.42,-1.4,-0.13,43,128,33.6,404,45,27.2,30.8,41,43.9,40.7,95,11,11.6,7,0.65,12.3
Serie A,2425,Bologna,Łukasz Skorupski,POL,GK,34,1991,26.3,33,1,0,1,2,28.7,0.34,-2.3,-0.09,123,329,37.4,1005,113,27.9,31.6,95,51.6,44.7,215,18,8.4,23,0.88,13.0
Serie A,2425,Cagliari,Alen Sherri,ALB,GK,27,1997,6.9,11,0,0,0,0,11.2,0.36,0.2,0.03,29,84,34.5,168,22,35.7,32.2,57,42.1,37.0,85,4,4.7,5,0.72,11.1
Serie A,2425,Cagliari,Elia Caprile,ITA,GK,23,2001,18.0,22,1,0,4,0,23.5,0.35,1.5,0.08,132,332,39.8,546,93,44.1,36.8,159,57.2,45.2,266,18,6.8,23,1.28,15.6
Serie A,2425,Cagliari,Giuseppe Ciocci,ITA,GK,23,2002,0.1,0,0,0,0,0,0.0,0.0,0.0,0.0,0,0,0.0,1,0,0.0,6.0,0,0.0,0.0,0,0,0.0,1,10.0,21.0
Serie A,2425,Cagliari,Simone Scuffet,ITA,GK,28,1996,13.0,23,5,0,6,0,20.4,0.28,-2.6,-0.2,71,181,39.2,305,50,42.0,35.5,99,53.5,42.3,189,6,3.2,7,0.54,11.8
Serie A,2425,Como,Emil Audero,IDN,GK,28,1997,8.0,18,4,0,2,0,12.4,0.27,-5.6,-0.7,17,55,30.9,232,30,22.0,28.6,21,19.0,27.5,95,5,5.3,8,1.0,12.9
Serie A,2425,Como,Jean Butez,FRA,GK,29,1995,18.5,20,2,0,1,0,20.1,0.27,0.1,0.0,91,236,38.6,709,92,30.3,32.0,43,48.8,42.7,190,22,11.6,51,2.76,18.2
Serie A,2425,Como,Pepe Reina,ESP,GK,42,1982,11.5,14,1,0,4,0,12.2,0.28,-1.8,-0.16,43,115,37.4,330,41,32.4,31.9,34,23.5,28.4,148,2,1.4,6,0.52,12.5
Serie A,2425,Empoli,Devis Vásquez,COL,GK,27,1998,31.0,43,1,0,4,0,38.7,0.3,-4.3,-0.14,159,553,28.8,921,99,49.5,39.4,144,67.4,52.9,488,36,7.4,15,0.48,11.0
Serie A,2425,Empoli,Jacopo Seghetti,ITA,GK,20,2005,1.0,3,0,0,0,0,1.9,0.31,-1.1,-1.12,3,9,33.3,16,5,37.5,33.8,5,60.0,39.0,4,0,0.0,1,1.0,26.0
Serie A,2425,Empoli,Marco Silvestri,ITA,GK,34,1991,5.0,11,0,0,3,1,8.0,0.32,-2.0,-0.41,35,85,41.2,135,16,60.7,41.8,13,23.1,25.2,62,1,1.6,4,0.8,12.6
Serie A,2425,Fiorentina,David de Gea,ESP,GK,34,1990,34.0,36,1,0,2,1,35.6,0.25,0.6,0.02,216,487,44.4,869,126,40.5,35.8,240,56.3,45.2,471,13,2.8,28,0.82,14.6
Serie A,2425,Fiorentina,Pietro Terracciano,ITA,GK,35,1990,3.0,3,0,0,0,0,3.1,0.24,0.1,0.03,8,25,32.0,78,14,28.2,28.8,11,27.3,26.5,20,1,5.0,3,1.0,17.0
Serie A,2425,Genoa,Benjamin Siegrist,SUI,GK,33,1992,1.0,2,0,0,0,0,2.0,0.2,0.0,0.02,3,16,18.8,27,4,37.0,36.5,9,66.7,50.7,14,0,0.0,1,1.0,8.0
Serie A,2425,Genoa,Nicola Leali,ITA,GK,32,1993,29.0,31,3,0,4,3,34.3,0.29,6.3,0.22,150,391,38.4,722,112,39.3,33.9,214,50.0,41.1,390,21,5.4,14,0.48,11.2
Serie A,2425,Genoa,Pierluigi Gollini,ITA,GK,30,1995,7.0,15,3,0,1,0,12.2,0.29,-2.8,-0.39,33,75,44.0,198,21,24.7,30.4,52,50.0,44.4,92,2,2.2,2,0.29,9.6
Serie A,2425,Hellas Verona,Lorenzo Montipò,ITA,GK,29,1996,36.0,64,2,0,6,1,50.8,0.31,-12.2,-0.34,210,720,29.2,760,91,59.9,43.6,298,88.9,59.3,498,30,6.0,23,0.64,11.6
Serie A,2425,Hellas Verona,Simone Perilli,ITA,GK,30,1995,1.0,1,0,0,0,0,2.0,0.34,1.0,1.04,3,16,18.8,17,2,64.7,48.8,6,83.3,62.2,18,1,5.6,3,3.0,22.3
Serie A,2425,Inter,Josep Martinez,ESP,GK,26,1998,5.0,3,0,0,0,0,4.1,0.31,1.1,0.23,23,51,45.1,216,15,20.4,28.6,25,28.0,32.1,81,3,3.7,3,0.6,15.8
Serie A,2425,Inter,Yann Sommer,SUI,GK,36,1988,33.0,32,3,0,3,1,32.4,0.25,1.4,0.04,91,226,40.3,1199,136,16.9,26.6,126,18.3,27.5,356,14,3.9,14,0.42,13.1
Serie A,2425,Juventus,Mattia Perin,ITA,GK,32,1992,5.0,3,0,0,0,0,3.7,0.23,0.7,0.14,11,44,25.0,170,30,22.4,29.4,12,50.0,40.8,50,3,6.0,3,0.6,14.0
Serie A,2425,Juventus,Michele Di Gregorio,ITA,GK,27,1997,32.0,30,5,0,6,0,26.7,0.23,-3.3,-0.1,120,316,38.0,816,120,29.2,31.1,144,54.2,43.8,456,28,6.1,30,0.94,13.2
Serie A,2425,Lazio,Christos Mandas,GRE,GK,23,2001,8.0,6,0,0,1,0,7.4,0.31,1.4,0.18,41,120,34.2,289,33,37.7,36.4,23,47.8,42.5,122,20,16.4,16,2.0,14.5
Serie A,2425,Lazio,Ivan Provedel,ITA,GK,31,1994,29.0,42,4,0,3,2,31.5,0.32,-8.5,-0.29,146,374,39.0,1009,96,30.8,33.3,106,59.4,46.1,366,29,7.9,32,1.1,14.5
Serie A,2425,Lecce,Wladimiro Falcone,ITA,GK,30,1995,37.0,58,8,3,5,3,52.1,0.26,-2.9,-0.08,211,628,33.6,989,119,51.6,38.9,168,70.2,49.3,537,28,5.2,19,0.51,11.2
Serie A,2425,Milan,Marco Sportiello,ITA,GK,33,1992,1.4,2,0,0,0,0,2.2,0.36,0.2,0.12,5,13,38.5,46,8,21.7,27.8,14,21.4,30.6,15,1,6.7,3,2.14,25.5
Serie A,2425,Milan,Mike Maignan,FRA,GK,29,1995,35.6,41,1,1,3,3,36.5,0.26,-1.5,-0.04,117,303,38.6,1335,170,17.5,27.8,191,36.1,38.8,436,26,6.0,67,1.88,18.8
Serie A,2425,Monza,Semuel Pizzignacco,ITA,GK,23,2001,7.3,15,0,0,1,1,11.2,0.35,-2.8,-0.39,39,106,36.8,242,25,35.5,32.0,41,48.8,42.0,109,4,3.7,7,0.96,12.8
Serie A,2425,Monza,Stefano Turati,ITA,GK,23,2001,29.7,52,2,1,8,2,47.4,0.31,-2.6,-0.09,177,442,40.0,942,126,38.3,33.7,131,61.8,46.9,414,22,5.3,26,0.87,13.3
Serie A,2425,Napoli,Alex Meret,ITA,GK,28,1997,33.4,25,1,1,0,2,25.3,0.27,2.3,0.07,88,214,41.1,1041,117,15.4,27.7,181,29.8,34.9,378,21,5.6,47,1.41,16.5
Serie A,2425,Napoli,Elia Caprile,ITA,GK,23,2001,3.6,1,0,0,0,0,2.2,0.27,1.2,0.32,11,25,44.0,82,9,25.6,31.7,15,26.7,30.7,31,3,9.7,3,0.83,13.7
Serie A,2425,Napoli,Simone Scuffet,ITA,GK,28,1996,1.0,1,0,0,0,0,1.6,0.4,0.6,0.6,3,12,25.0,35,5,25.7,29.3,9,33.3,32.7,29,1,3.4,0,0.0,7.0
Serie A,2425,Parma,Leandro Chichizola,ARG,GK,35,1990,1.0,3,0,0,0,0,2.5,0.43,-0.5,-0.54,3,16,18.8,41,5,31.7,33.9,8,37.5,34.4,21,2,9.5,2,2.0,16.3
Serie A,2425,Parma,Zion Suzuki,JPN,GK,22,2002,35.8,51,5,3,5,2,49.6,0.32,0.6,0.02,192,645,29.8,1234,181,41.2,37.5,218,62.8,51.9,597,64,10.7,36,1.0,12.0
Serie A,2425,Roma,Mile Svilar,SRB,GK,25,1999,37.0,35,4,0,4,1,42.2,0.26,8.2,0.22,117,399,29.3,1206,159,23.8,30.5,193,58.0,46.4,478,29,6.1,33,0.89,13.8
Serie A,2425,Torino,Alberto Paleari,ITA,GK,32,1992,1.0,3,0,0,0,0,2.2,0.32,-0.8,-0.77,8,12,66.7,26,5,34.6,31.0,6,50.0,42.0,12,0,0.0,5,5.0,27.3
Serie A,2425,Torino,Vanja Milinković-Savić,SRB,GK,28,1997,36.0,40,2,1,7,2,49.4,0.27,11.4,0.32,219,695,31.5,1326,186,40.3,37.7,264,60.6,51.8,576,37,6.4,43,1.19,13.5
Serie A,2425,Udinese,Daniele Padelli,ITA,GK,39,1985,1.0,0,0,0,0,0,0.8,0.26,0.8,0.77,3,7,42.9,18,2,33.3,30.5,2,50.0,32.0,11,1,9.1,0,0.0,15.0
Serie A,2425,Udinese,Maduka Okoye,NGA,GK,25,1999,24.0,37,4,2,3,3,34.4,0.33,0.4,0.02,110,274,40.1,748,79,29.3,30.0,93,59.1,46.6,293,14,4.8,23,0.96,14.0
Serie A,2425,Udinese,Razvan Sava,ROU,GK,22,2002,12.0,16,3,1,4,2,14.5,0.24,0.5,0.04,44,148,29.7,337,26,33.2,32.2,55,65.5,47.5,202,4,2.0,13,1.08,14.8
Serie A,2425,Venezia,Filip Stankovic,SRB,GK,23,2002,15.2,23,4,0,3,1,25.2,0.26,3.2,0.21,48,161,29.8,439,51,29.4,31.6,73,43.8,34.3,249,12,4.8,13,0.86,10.8
Serie A,2425,Venezia,Ionuț Radu,ROU,GK,27,1997,14.0,15,2,0,2,0,17.9,0.28,2.9,0.2,62,257,24.1,439,60,47.6,40.1,69,69.6,54.7,208,12,5.8,3,0.21,9.5
Serie A,2425,Venezia,Jesse Joronen,FIN,GK,32,1993,7.8,15,3,0,3,2,12.6,0.26,-0.4,-0.05,20,84,23.8,260,46,28.1,31.0,41,26.8,34.9,125,6,4.8,5,0.64,9.4
